code_commune,taux_pauvrete,code_dept,annee
01004,17.0,01,2021
01014,13.0,01,2021
01024,7.0,01,2021
01025,6.0,01,2021
01031,20.0,01,2021
01032,8.0,01,2021
01033,17.0,01,2021
01034,18.0,01,2021
01043,6.0,01,2021
01053,24.0,01,2021
01071,7.0,01,2021
01072,7.0,01,2021
01074,11.0,01,2021
01093,10.0,01,2021
01109,11.0,01,2021
01135,10.0,01,2021
01138,13.0,01,2021
01142,9.0,01,2021
01143,8.0,01,2021
01159,6.0,01,2021
01160,23.0,01,2021
01173,10.0,01,2021
01185,11.0,01,2021
01194,11.0,01,2021
01199,12.0,01,2021
01202,10.0,01,2021
01224,8.0,01,2021
01244,9.0,01,2021
01246,9.0,01,2021
01249,9.0,01,2021
01262,13.0,01,2021
01263,6.0,01,2021
01265,17.0,01,2021
01266,11.0,01,2021
01269,30.0,01,2021
01281,16.0,01,2021
01283,28.0,01,2021
01289,10.0,01,2021
01304,13.0,01,2021
01305,15.0,01,2021
01313,13.0,01,2021
01320,6.0,01,2021
01322,5.0,01,2021
01344,8.0,01,2021
01345,10.0,01,2021
01348,8.0,01,2021
01354,18.0,01,2021
01376,11.0,01,2021
01384,21.0,01,2021
01419,12.0,01,2021
01427,11.0,01,2021
01435,13.0,01,2021
01443,8.0,01,2021
01451,7.0,01,2021
01457,11.0,01,2021
02018,17.0,02,2021
02028,12.0,02,2021
02059,28.0,02,2021
02064,19.0,02,2021
02095,37.0,02,2021
02110,19.0,02,2021
02163,15.0,02,2021
02168,27.0,02,2021
02173,29.0,02,2021
02243,18.0,02,2021
02290,9.0,02,2021
02304,38.0,02,2021
02305,23.0,02,2021
02334,22.0,02,2021
02340,17.0,02,2021
02360,9.0,02,2021
02361,32.0,02,2021
02381,35.0,02,2021
02408,31.0,02,2021
02468,27.0,02,2021
02555,16.0,02,2021
02558,23.0,02,2021
02684,23.0,02,2021
02691,29.0,02,2021
02719,12.0,02,2021
02722,30.0,02,2021
02738,26.0,02,2021
02758,15.0,02,2021
02789,29.0,02,2021
02805,21.0,02,2021
02810,18.0,02,2021
03001,12.0,03,2021
03013,10.0,03,2021
03023,17.0,03,2021
03036,16.0,03,2021
03082,19.0,03,2021
03084,14.0,03,2021
03094,8.0,03,2021
03095,20.0,03,2021
03098,14.0,03,2021
03101,11.0,03,2021
03102,14.0,03,2021
03118,17.0,03,2021
03128,11.0,03,2021
03138,19.0,03,2021
03185,25.0,03,2021
03190,24.0,03,2021
03195,11.0,03,2021
03236,17.0,03,2021
03254,15.0,03,2021
03264,16.0,03,2021
03298,18.0,03,2021
03310,23.0,03,2021
03321,11.0,03,2021
04019,17.0,04,2021
04049,17.0,04,2021
04070,18.0,04,2021
04088,20.0,04,2021
04094,16.0,04,2021
04112,21.0,04,2021
04116,17.0,04,2021
04143,12.0,04,2021
04149,14.0,04,2021
04152,7.0,04,2021
04197,16.0,04,2021
04209,18.0,04,2021
04230,16.0,04,2021
04242,10.0,04,2021
04245,10.0,04,2021
05006,18.0,05,2021
05017,9.0,05,2021
05023,15.0,05,2021
05040,12.0,05,2021
05046,15.0,05,2021
05061,15.0,05,2021
05065,16.0,05,2021
05070,16.0,05,2021
05132,14.0,05,2021
05170,12.0,05,2021
05179,20.0,05,2021
06004,15.0,06,2021
06007,9.0,06,2021
06010,12.0,06,2021
06011,16.0,06,2021
06012,20.0,06,2021
06018,8.0,06,2021
06027,14.0,06,2021
06029,21.0,06,2021
06030,17.0,06,2021
06032,14.0,06,2021
06033,13.0,06,2021
06038,9.0,06,2021
06044,9.0,06,2021
06048,10.0,06,2021
06054,17.0,06,2021
06057,12.0,06,2021
06059,11.0,06,2021
06064,8.0,06,2021
06065,7.0,06,2021
06069,15.0,06,2021
06075,9.0,06,2021
06079,13.0,06,2021
06083,17.0,06,2021
06084,9.0,06,2021
06085,11.0,06,2021
06088,22.0,06,2021
06089,9.0,06,2021
06090,9.0,06,2021
06095,9.0,06,2021
06104,14.0,06,2021
06105,7.0,06,2021
06108,8.0,06,2021
06112,8.0,06,2021
06114,16.0,06,2021
06118,10.0,06,2021
06122,9.0,06,2021
06123,12.0,06,2021
06126,10.0,06,2021
06128,12.0,06,2021
06130,9.0,06,2021
06136,15.0,06,2021
06140,9.0,06,2021
06147,8.0,06,2021
06148,12.0,06,2021
06149,14.0,06,2021
06150,11.0,06,2021
06152,10.0,06,2021
06155,18.0,06,2021
06157,14.0,06,2021
06159,13.0,06,2021
06161,10.0,06,2021
07010,23.0,07,2021
07019,25.0,07,2021
07041,9.0,07,2021
07042,22.0,07,2021
07055,9.0,07,2021
07064,13.0,07,2021
07066,9.0,07,2021
07076,13.0,07,2021
07078,7.0,07,2021
07102,8.0,07,2021
07129,19.0,07,2021
07138,12.0,07,2021
07181,21.0,07,2021
07186,21.0,07,2021
07191,12.0,07,2021
07201,15.0,07,2021
07204,15.0,07,2021
07231,11.0,07,2021
07245,8.0,07,2021
07281,8.0,07,2021
07308,12.0,07,2021
07319,22.0,07,2021
07324,17.0,07,2021
07330,18.0,07,2021
07331,21.0,07,2021
07334,25.0,07,2021
07341,16.0,07,2021
07346,15.0,07,2021
07349,19.0,07,2021
08053,11.0,08,2021
08081,24.0,08,2021
08090,24.0,08,2021
08105,30.0,08,2021
08145,15.0,08,2021
08174,13.0,08,2021
08185,25.0,08,2021
08190,26.0,08,2021
08302,22.0,08,2021
08311,19.0,08,2021
08327,15.0,08,2021
08328,26.0,08,2021
08362,23.0,08,2021
08363,25.0,08,2021
08367,23.0,08,2021
08409,33.0,08,2021
08480,13.0,08,2021
08488,24.0,08,2021
08490,22.0,08,2021
08491,20.0,08,2021
09122,22.0,09,2021
09157,22.0,09,2021
09160,28.0,09,2021
09167,13.0,09,2021
09185,13.0,09,2021
09194,20.0,09,2021
09225,23.0,09,2021
09261,21.0,09,2021
09265,13.0,09,2021
09282,13.0,09,2021
09306,26.0,09,2021
09312,11.0,09,2021
09324,13.0,09,2021
10003,16.0,10,2021
10006,20.0,10,2021
10033,26.0,10,2021
10034,24.0,10,2021
10060,10.0,10,2021
10064,19.0,10,2021
10081,37.0,10,2021
10265,24.0,10,2021
10268,20.0,10,2021
10297,22.0,10,2021
10321,8.0,10,2021
10323,30.0,10,2021
10325,9.0,10,2021
10333,17.0,10,2021
10343,14.0,10,2021
10357,8.0,10,2021
10362,16.0,10,2021
10387,30.0,10,2021
10401,20.0,10,2021
10420,17.0,10,2021
11012,17.0,11,2021
11049,16.0,11,2021
11069,28.0,11,2021
11076,21.0,11,2021
11099,15.0,11,2021
11106,20.0,11,2021
11116,20.0,11,2021
11145,17.0,11,2021
11170,17.0,11,2021
11188,15.0,11,2021
11202,18.0,11,2021
11203,24.0,11,2021
11206,22.0,11,2021
11258,14.0,11,2021
11262,25.0,11,2021
11266,23.0,11,2021
11269,17.0,11,2021
11272,8.0,11,2021
11279,13.0,11,2021
11304,26.0,11,2021
11360,12.0,11,2021
11369,16.0,11,2021
11370,13.0,11,2021
11379,18.0,11,2021
11397,24.0,11,2021
11429,11.0,11,2021
11441,9.0,11,2021
12013,18.0,12,2021
12033,9.0,12,2021
12052,15.0,12,2021
12056,9.0,12,2021
12089,23.0,12,2021
12096,11.0,12,2021
12100,13.0,12,2021
12120,13.0,12,2021
12133,8.0,12,2021
12145,16.0,12,2021
12176,17.0,12,2021
12202,16.0,12,2021
12208,15.0,12,2021
12270,14.0,12,2021
12300,19.0,12,2021
13001,15.0,13,2021
13002,7.0,13,2021
13003,7.0,13,2021
13004,24.0,13,2021
13005,16.0,13,2021
13007,9.0,13,2021
13010,12.0,13,2021
13014,19.0,13,2021
13015,6.0,13,2021
13016,8.0,13,2021
13018,18.0,13,2021
13019,5.0,13,2021
13021,5.0,13,2021
13022,10.0,13,2021
13023,8.0,13,2021
13024,12.0,13,2021
13026,13.0,13,2021
13027,18.0,13,2021
13028,15.0,13,2021
13030,9.0,13,2021
13031,7.0,13,2021
13032,7.0,13,2021
13033,8.0,13,2021
13035,10.0,13,2021
13036,14.0,13,2021
13037,7.0,13,2021
13038,13.0,13,2021
13039,11.0,13,2021
13040,7.0,13,2021
13041,13.0,13,2021
13042,7.0,13,2021
13043,11.0,13,2021
13044,8.0,13,2021
13045,13.0,13,2021
13046,6.0,13,2021
13047,14.0,13,2021
13048,8.0,13,2021
13050,9.0,13,2021
13051,7.0,13,2021
13052,11.0,13,2021
13053,11.0,13,2021
13054,19.0,13,2021
13055,26.0,13,2021
13056,18.0,13,2021
13058,12.0,13,2021
13059,12.0,13,2021
13060,7.0,13,2021
13062,5.0,13,2021
13063,23.0,13,2021
13064,9.0,13,2021
13065,13.0,13,2021
13066,13.0,13,2021
13067,22.0,13,2021
13069,8.0,13,2021
13070,11.0,13,2021
13071,8.0,13,2021
13072,6.0,13,2021
13073,6.0,13,2021
13074,11.0,13,2021
13075,8.0,13,2021
13076,13.0,13,2021
13077,22.0,13,2021
13078,21.0,13,2021
13080,9.0,13,2021
13081,10.0,13,2021
13082,10.0,13,2021
13083,11.0,13,2021
13084,15.0,13,2021
13085,8.0,13,2021
13086,10.0,13,2021
13087,10.0,13,2021
13088,10.0,13,2021
13089,15.0,13,2021
13091,8.0,13,2021
13092,10.0,13,2021
13096,21.0,13,2021
13097,12.0,13,2021
13098,8.0,13,2021
13100,17.0,13,2021
13101,6.0,13,2021
13102,13.0,13,2021
13103,17.0,13,2021
13104,7.0,13,2021
13105,15.0,13,2021
13106,16.0,13,2021
13107,7.0,13,2021
13108,31.0,13,2021
13110,10.0,13,2021
13112,7.0,13,2021
13113,6.0,13,2021
13114,5.0,13,2021
13117,17.0,13,2021
13119,9.0,13,2021
13201,38.0,13,2021
13202,39.0,13,2021
13203,52.0,13,2021
13204,24.0,13,2021
13205,23.0,13,2021
13206,18.0,13,2021
13207,13.0,13,2021
13208,12.0,13,2021
13209,15.0,13,2021
13210,23.0,13,2021
13211,19.0,13,2021
13212,13.0,13,2021
13213,27.0,13,2021
13214,42.0,13,2021
13215,44.0,13,2021
13216,25.0,13,2021
14020,11.0,14,2021
14027,14.0,14,2021
14047,17.0,14,2021
14061,12.0,14,2021
14068,5.0,14,2021
14076,11.0,14,2021
14098,6.0,14,2021
14101,7.0,14,2021
14117,14.0,14,2021
14118,21.0,14,2021
14137,10.0,14,2021
14143,16.0,14,2021
14167,21.0,14,2021
14174,17.0,14,2021
14181,10.0,14,2021
14191,11.0,14,2021
14220,13.0,14,2021
14221,8.0,14,2021
14225,20.0,14,2021
14228,9.0,14,2021
14258,19.0,14,2021
14271,16.0,14,2021
14301,13.0,14,2021
14327,27.0,14,2021
14333,18.0,14,2021
14338,11.0,14,2021
14341,14.0,14,2021
14342,18.0,14,2021
14366,22.0,14,2021
14370,13.0,14,2021
14371,17.0,14,2021
14384,9.0,14,2021
14409,10.0,14,2021
14431,15.0,14,2021
14437,13.0,14,2021
14456,10.0,14,2021
14488,10.0,14,2021
14514,13.0,14,2021
14536,9.0,14,2021
14562,8.0,14,2021
14587,19.0,14,2021
14654,15.0,14,2021
14658,16.0,14,2021
14689,14.0,14,2021
14699,16.0,14,2021
14712,7.0,14,2021
14715,18.0,14,2021
14726,15.0,14,2021
14738,7.0,14,2021
14752,12.0,14,2021
14754,14.0,14,2021
14762,15.0,14,2021
15012,8.0,15,2021
15014,16.0,15,2021
15120,15.0,15,2021
15122,18.0,15,2021
15162,15.0,15,2021
15187,14.0,15,2021
15267,6.0,15,2021
16015,26.0,16,2021
16028,21.0,16,2021
16061,7.0,16,2021
16078,6.0,16,2021
16085,17.0,16,2021
16089,9.0,16,2021
16090,12.0,16,2021
16102,18.0,16,2021
16106,20.0,16,2021
16113,17.0,16,2021
16138,8.0,16,2021
16154,14.0,16,2021
16166,14.0,16,2021
16167,12.0,16,2021
16192,18.0,16,2021
16199,8.0,16,2021
16230,18.0,16,2021
16244,15.0,16,2021
16281,15.0,16,2021
16286,14.0,16,2021
16287,7.0,16,2021
16291,12.0,16,2021
16292,24.0,16,2021
16341,15.0,16,2021
16358,11.0,16,2021
16374,31.0,16,2021
16393,9.0,16,2021
17003,7.0,17,2021
17010,8.0,17,2021
17021,12.0,17,2021
17028,12.0,17,2021
17051,8.0,17,2021
17058,14.0,17,2021
17064,9.0,17,2021
17086,9.0,17,2021
17093,12.0,17,2021
17094,8.0,17,2021
17127,11.0,17,2021
17131,13.0,17,2021
17140,12.0,17,2021
17142,6.0,17,2021
17146,8.0,17,2021
17155,9.0,17,2021
17161,10.0,17,2021
17168,9.0,17,2021
17172,16.0,17,2021
17197,22.0,17,2021
17200,5.0,17,2021
17218,13.0,17,2021
17219,13.0,17,2021
17224,16.0,17,2021
17225,10.0,17,2021
17228,9.0,17,2021
17230,10.0,17,2021
17240,19.0,17,2021
17264,8.0,17,2021
17274,7.0,17,2021
17283,17.0,17,2021
17291,7.0,17,2021
17297,8.0,17,2021
17299,20.0,17,2021
17300,18.0,17,2021
17306,14.0,17,2021
17308,9.0,17,2021
17333,12.0,17,2021
17337,15.0,17,2021
17347,20.0,17,2021
17349,7.0,17,2021
17351,13.0,17,2021
17360,8.0,17,2021
17380,8.0,17,2021
17385,12.0,17,2021
17397,15.0,17,2021
17407,7.0,17,2021
17409,7.0,17,2021
17414,7.0,17,2021
17415,17.0,17,2021
17421,12.0,17,2021
17425,9.0,17,2021
17434,15.0,17,2021
17449,12.0,17,2021
17452,12.0,17,2021
17461,8.0,17,2021
18015,14.0,18,2021
18018,15.0,18,2021
18033,20.0,18,2021
18087,13.0,18,2021
18096,10.0,18,2021
18108,18.0,18,2021
18141,11.0,18,2021
18197,20.0,18,2021
18205,9.0,18,2021
18207,15.0,18,2021
18213,12.0,18,2021
18223,10.0,18,2021
18242,22.0,18,2021
18267,5.0,18,2021
18279,24.0,18,2021
19005,10.0,19,2021
19010,16.0,19,2021
19028,18.0,19,2021
19031,18.0,19,2021
19072,9.0,19,2021
19073,20.0,19,2021
19121,14.0,19,2021
19123,9.0,19,2021
19136,16.0,19,2021
19153,13.0,19,2021
19229,11.0,19,2021
19272,17.0,19,2021
19274,6.0,19,2021
19275,14.0,19,2021
19276,15.0,19,2021
19278,11.0,19,2021
21038,15.0,21,2021
21054,14.0,21,2021
21154,22.0,21,2021
21166,28.0,21,2021
21171,10.0,21,2021
21231,17.0,21,2021
21278,6.0,21,2021
21292,11.0,21,2021
21295,9.0,21,2021
21317,11.0,21,2021
21355,16.0,21,2021
21390,8.0,21,2021
21425,19.0,21,2021
21452,9.0,21,2021
21464,10.0,21,2021
21485,12.0,21,2021
21515,14.0,21,2021
21540,7.0,21,2021
21584,16.0,21,2021
21599,10.0,21,2021
21603,17.0,21,2021
21607,13.0,21,2021
21617,17.0,21,2021
21663,20.0,21,2021
22004,12.0,22,2021
22013,14.0,22,2021
22020,12.0,22,2021
22025,21.0,22,2021
22032,11.0,22,2021
22046,14.0,22,2021
22048,11.0,22,2021
22050,16.0,22,2021
22054,8.0,22,2021
22055,8.0,22,2021
22067,12.0,22,2021
22070,28.0,22,2021
22079,10.0,22,2021
22081,6.0,22,2021
22084,11.0,22,2021
22093,9.0,22,2021
22106,9.0,22,2021
22113,14.0,22,2021
22118,8.0,22,2021
22135,12.0,22,2021
22136,15.0,22,2021
22147,15.0,22,2021
22158,17.0,22,2021
22161,11.0,22,2021
22162,13.0,22,2021
22166,10.0,22,2021
22168,10.0,22,2021
22171,6.0,22,2021
22172,14.0,22,2021
22176,8.0,22,2021
22182,8.0,22,2021
22183,13.0,22,2021
22185,10.0,22,2021
22186,9.0,22,2021
22187,9.0,22,2021
22190,7.0,22,2021
22194,11.0,22,2021
22195,13.0,22,2021
22197,9.0,22,2021
22198,7.0,22,2021
22203,11.0,22,2021
22206,11.0,22,2021
22207,12.0,22,2021
22209,10.0,22,2021
22210,9.0,22,2021
22211,10.0,22,2021
22213,8.0,22,2021
22214,11.0,22,2021
22215,12.0,22,2021
22219,10.0,22,2021
22222,11.0,22,2021
22225,10.0,22,2021
22226,10.0,22,2021
22233,10.0,22,2021
22251,6.0,22,2021
22258,8.0,22,2021
22259,7.0,22,2021
22262,14.0,22,2021
22264,15.0,22,2021
22266,22.0,22,2021
22273,8.0,22,2021
22278,21.0,22,2021
22282,9.0,22,2021
22325,10.0,22,2021
22339,8.0,22,2021
22343,10.0,22,2021
22353,10.0,22,2021
22360,9.0,22,2021
22362,17.0,22,2021
22364,7.0,22,2021
22389,8.0,22,2021
23008,27.0,23,2021
23030,30.0,23,2021
23096,21.0,23,2021
23176,22.0,23,2021
24026,9.0,24,2021
24037,22.0,24,2021
24053,10.0,24,2021
24064,14.0,24,2021
24067,21.0,24,2021
24102,11.0,24,2021
24138,16.0,24,2021
24167,19.0,24,2021
24222,11.0,24,2021
24223,15.0,24,2021
24225,12.0,24,2021
24253,20.0,24,2021
24256,12.0,24,2021
24291,20.0,24,2021
24294,20.0,24,2021
24299,21.0,24,2021
24309,15.0,24,2021
24311,19.0,24,2021
24312,8.0,24,2021
24322,22.0,24,2021
24335,19.0,24,2021
24340,12.0,24,2021
24350,12.0,24,2021
24352,23.0,24,2021
24354,22.0,24,2021
24372,14.0,24,2021
24520,17.0,24,2021
24547,22.0,24,2021
24551,22.0,24,2021
24557,11.0,24,2021
25031,26.0,25,2021
25047,14.0,25,2021
25048,11.0,25,2021
25056,23.0,25,2021
25057,31.0,25,2021
25228,14.0,25,2021
25230,13.0,25,2021
25237,12.0,25,2021
25284,28.0,25,2021
25304,17.0,25,2021
25315,19.0,25,2021
25321,5.0,25,2021
25356,8.0,25,2021
25367,19.0,25,2021
25388,28.0,25,2021
25411,8.0,25,2021
25434,9.0,25,2021
25462,12.0,25,2021
25463,11.0,25,2021
25495,10.0,25,2021
25527,9.0,25,2021
25532,9.0,25,2021
25539,12.0,25,2021
25547,32.0,25,2021
25578,10.0,25,2021
25580,24.0,25,2021
25614,11.0,25,2021
25632,10.0,25,2021
26004,8.0,26,2021
26010,10.0,26,2021
26011,12.0,26,2021
26037,6.0,26,2021
26057,17.0,26,2021
26058,16.0,26,2021
26063,20.0,26,2021
26064,9.0,26,2021
26084,7.0,26,2021
26085,12.0,26,2021
26088,8.0,26,2021
26096,11.0,26,2021
26108,18.0,26,2021
26113,19.0,26,2021
26114,17.0,26,2021
26116,13.0,26,2021
26124,9.0,26,2021
26165,11.0,26,2021
26166,14.0,26,2021
26191,9.0,26,2021
26197,8.0,26,2021
26198,20.0,26,2021
26206,8.0,26,2021
26218,8.0,26,2021
26220,19.0,26,2021
26231,9.0,26,2021
26235,21.0,26,2021
26250,8.0,26,2021
26252,14.0,26,2021
26271,6.0,26,2021
26281,20.0,26,2021
26301,11.0,26,2021
26307,12.0,26,2021
26313,11.0,26,2021
26324,13.0,26,2021
26325,21.0,26,2021
26330,11.0,26,2021
26332,15.0,26,2021
26333,28.0,26,2021
26345,12.0,26,2021
26347,15.0,26,2021
26362,22.0,26,2021
27016,17.0,27,2021
27022,13.0,27,2021
27049,13.0,27,2021
27051,16.0,27,2021
27056,21.0,27,2021
27065,13.0,27,2021
27082,13.0,27,2021
27090,6.0,27,2021
27103,9.0,27,2021
27105,5.0,27,2021
27112,16.0,27,2021
27116,19.0,27,2021
27165,17.0,27,2021
27198,10.0,27,2021
27213,7.0,27,2021
27226,12.0,27,2021
27229,29.0,27,2021
27230,9.0,27,2021
27275,24.0,27,2021
27279,10.0,27,2021
27284,18.0,27,2021
27299,14.0,27,2021
27306,8.0,27,2021
27355,12.0,27,2021
27375,24.0,27,2021
27425,9.0,27,2021
27428,15.0,27,2021
27438,18.0,27,2021
27448,9.0,27,2021
27458,11.0,27,2021
27467,21.0,27,2021
27469,11.0,27,2021
27493,9.0,27,2021
27502,20.0,27,2021
27507,12.0,27,2021
27528,7.0,27,2021
27554,8.0,27,2021
27562,11.0,27,2021
27602,8.0,27,2021
27679,20.0,27,2021
27681,23.0,27,2021
27701,31.0,27,2021
28007,8.0,28,2021
28012,12.0,28,2021
28015,10.0,28,2021
28051,11.0,28,2021
28061,14.0,28,2021
28085,16.0,28,2021
28088,25.0,28,2021
28089,13.0,28,2021
28103,10.0,28,2021
28110,5.0,28,2021
28116,12.0,28,2021
28134,29.0,28,2021
28140,12.0,28,2021
28168,8.0,28,2021
28196,12.0,28,2021
28199,10.0,28,2021
28209,7.0,28,2021
28214,21.0,28,2021
28218,23.0,28,2021
28220,8.0,28,2021
28227,9.0,28,2021
28229,21.0,28,2021
28236,9.0,28,2021
28279,12.0,28,2021
28280,19.0,28,2021
28348,14.0,28,2021
28359,15.0,28,2021
28373,13.0,28,2021
28391,11.0,28,2021
28404,24.0,28,2021
28422,11.0,28,2021
29003,13.0,29,2021
29004,10.0,29,2021
29006,8.0,29,2021
29019,19.0,29,2021
29020,11.0,29,2021
29021,10.0,29,2021
29022,11.0,29,2021
29023,8.0,29,2021
29024,16.0,29,2021
29026,13.0,29,2021
29027,16.0,29,2021
29030,9.0,29,2021
29031,8.0,29,2021
29037,7.0,29,2021
29039,11.0,29,2021
29042,11.0,29,2021
29046,14.0,29,2021
29049,9.0,29,2021
29051,6.0,29,2021
29057,8.0,29,2021
29058,7.0,29,2021
29061,5.0,29,2021
29069,6.0,29,2021
29072,11.0,29,2021
29075,6.0,29,2021
29076,5.0,29,2021
29091,10.0,29,2021
29101,7.0,29,2021
29103,10.0,29,2021
29105,11.0,29,2021
29113,10.0,29,2021
29117,8.0,29,2021
29124,11.0,29,2021
29130,5.0,29,2021
29135,8.0,29,2021
29140,6.0,29,2021
29146,8.0,29,2021
29147,6.0,29,2021
29150,9.0,29,2021
29151,19.0,29,2021
29153,11.0,29,2021
29158,10.0,29,2021
29160,6.0,29,2021
29161,7.0,29,2021
29162,11.0,29,2021
29163,10.0,29,2021
29165,8.0,29,2021
29169,8.0,29,2021
29170,8.0,29,2021
29171,8.0,29,2021
29173,9.0,29,2021
29174,9.0,29,2021
29175,17.0,29,2021
29177,5.0,29,2021
29178,6.0,29,2021
29179,7.0,29,2021
29184,12.0,29,2021
29185,12.0,29,2021
29188,10.0,29,2021
29189,7.0,29,2021
29190,6.0,29,2021
29191,10.0,29,2021
29195,8.0,29,2021
29197,13.0,29,2021
29199,10.0,29,2021
29206,10.0,29,2021
29207,9.0,29,2021
29209,7.0,29,2021
29210,10.0,29,2021
29212,6.0,29,2021
29215,11.0,29,2021
29216,8.0,29,2021
29217,14.0,29,2021
29220,11.0,29,2021
29225,10.0,29,2021
29232,13.0,29,2021
29233,12.0,29,2021
29235,7.0,29,2021
29236,9.0,29,2021
29239,10.0,29,2021
29241,10.0,29,2021
29247,6.0,29,2021
29254,10.0,29,2021
29259,12.0,29,2021
29260,5.0,29,2021
29266,11.0,29,2021
29273,9.0,29,2021
29274,13.0,29,2021
29277,12.0,29,2021
29279,11.0,29,2021
29293,8.0,29,2021
29302,12.0,29,2021
2A004,16.0,2A,2021
2A006,7.0,2A,2021
2A032,9.0,2A,2021
2A041,16.0,2A,2021
2A130,10.0,2A,2021
2A247,21.0,2A,2021
2A249,22.0,2A,2021
2A271,14.0,2A,2021
2A272,26.0,2A,2021
2A362,15.0,2A,2021
2B033,23.0,2B,2021
2B037,14.0,2B,2021
2B042,14.0,2B,2021
2B049,19.0,2B,2021
2B050,21.0,2B,2021
2B096,21.0,2B,2021
2B120,12.0,2B,2021
2B123,25.0,2B,2021
2B134,26.0,2B,2021
2B148,21.0,2B,2021
2B207,22.0,2B,2021
2B251,20.0,2B,2021
2B305,14.0,2B,2021
2B346,24.0,2B,2021
2B353,10.0,2B,2021
30003,14.0,30,2021
30004,10.0,30,2021
30006,13.0,30,2021
30007,30.0,30,2021
30010,24.0,30,2021
30011,11.0,30,2021
30012,15.0,30,2021
30019,9.0,30,2021
30020,10.0,30,2021
30027,13.0,30,2021
30028,29.0,30,2021
30032,30.0,30,2021
30033,11.0,30,2021
30034,15.0,30,2021
30036,10.0,30,2021
30037,36.0,30,2021
30039,13.0,30,2021
30042,14.0,30,2021
30047,11.0,30,2021
30059,9.0,30,2021
30060,9.0,30,2021
30061,17.0,30,2021
30062,10.0,30,2021
30075,10.0,30,2021
30082,10.0,30,2021
30083,9.0,30,2021
30117,12.0,30,2021
30123,9.0,30,2021
30125,14.0,30,2021
30128,12.0,30,2021
30132,43.0,30,2021
30133,17.0,30,2021
30135,18.0,30,2021
30141,11.0,30,2021
30152,15.0,30,2021
30155,13.0,30,2021
30156,12.0,30,2021
30166,13.0,30,2021
30169,17.0,30,2021
30179,18.0,30,2021
30189,31.0,30,2021
30202,22.0,30,2021
30206,7.0,30,2021
30209,8.0,30,2021
30210,17.0,30,2021
30211,15.0,30,2021
30212,22.0,30,2021
30214,18.0,30,2021
30217,10.0,30,2021
30221,21.0,30,2021
30223,12.0,30,2021
30227,29.0,30,2021
30243,19.0,30,2021
30255,19.0,30,2021
30258,27.0,30,2021
30259,15.0,30,2021
30263,23.0,30,2021
30269,26.0,30,2021
30274,13.0,30,2021
30276,13.0,30,2021
30278,8.0,30,2021
30284,24.0,30,2021
30294,11.0,30,2021
30295,15.0,30,2021
30305,18.0,30,2021
30307,33.0,30,2021
30321,25.0,30,2021
30333,16.0,30,2021
30334,22.0,30,2021
30341,22.0,30,2021
30344,11.0,30,2021
30350,29.0,30,2021
30351,10.0,30,2021
30356,12.0,30,2021
31022,13.0,31,2021
31032,9.0,31,2021
31033,14.0,31,2021
31035,10.0,31,2021
31042,18.0,31,2021
31044,9.0,31,2021
31048,7.0,31,2021
31056,13.0,31,2021
31065,7.0,31,2021
31066,10.0,31,2021
31069,14.0,31,2021
31079,8.0,31,2021
31088,7.0,31,2021
31091,8.0,31,2021
31094,8.0,31,2021
31100,10.0,31,2021
31106,9.0,31,2021
31107,15.0,31,2021
31113,13.0,31,2021
31116,11.0,31,2021
31117,5.0,31,2021
31118,7.0,31,2021
31135,20.0,31,2021
31145,11.0,31,2021
31149,17.0,31,2021
31150,11.0,31,2021
31157,15.0,31,2021
31165,10.0,31,2021
31169,8.0,31,2021
31181,9.0,31,2021
31182,14.0,31,2021
31186,11.0,31,2021
31187,9.0,31,2021
31188,7.0,31,2021
31202,10.0,31,2021
31203,10.0,31,2021
31205,9.0,31,2021
31230,9.0,31,2021
31232,13.0,31,2021
31248,11.0,31,2021
31253,7.0,31,2021
31254,12.0,31,2021
31263,7.0,31,2021
31282,14.0,31,2021
31287,7.0,31,2021
31291,7.0,31,2021
31293,9.0,31,2021
31299,8.0,31,2021
31303,11.0,31,2021
31324,16.0,31,2021
31341,10.0,31,2021
31345,9.0,31,2021
31351,11.0,31,2021
31358,7.0,31,2021
31375,14.0,31,2021
31389,6.0,31,2021
31390,30.0,31,2021
31395,17.0,31,2021
31396,10.0,31,2021
31399,9.0,31,2021
31410,7.0,31,2021
31417,7.0,31,2021
31421,10.0,31,2021
31424,11.0,31,2021
31433,14.0,31,2021
31445,6.0,31,2021
31446,15.0,31,2021
31451,17.0,31,2021
31454,11.0,31,2021
31455,12.0,31,2021
31458,12.0,31,2021
31460,8.0,31,2021
31467,12.0,31,2021
31483,24.0,31,2021
31488,9.0,31,2021
31490,14.0,31,2021
31499,9.0,31,2021
31506,10.0,31,2021
31516,10.0,31,2021
31517,14.0,31,2021
31526,9.0,31,2021
31547,12.0,31,2021
31555,22.0,31,2021
31557,10.0,31,2021
31561,8.0,31,2021
31573,7.0,31,2021
31574,8.0,31,2021
31582,10.0,31,2021
31584,15.0,31,2021
31588,13.0,31,2021
32013,18.0,32,2021
32107,24.0,32,2021
32119,23.0,32,2021
32132,17.0,32,2021
32147,14.0,32,2021
32160,10.0,32,2021
32208,18.0,32,2021
32213,14.0,32,2021
32249,17.0,32,2021
32256,20.0,32,2021
32410,11.0,32,2021
32462,19.0,32,2021
33001,15.0,33,2021
33003,16.0,33,2021
33004,19.0,33,2021
33005,7.0,33,2021
33009,12.0,33,2021
33011,8.0,33,2021
33013,12.0,33,2021
33018,9.0,33,2021
33019,9.0,33,2021
33022,7.0,33,2021
33029,5.0,33,2021
33030,13.0,33,2021
33032,16.0,33,2021
33036,17.0,33,2021
33037,8.0,33,2021
33039,14.0,33,2021
33042,9.0,33,2021
33051,8.0,33,2021
33056,11.0,33,2021
33058,24.0,33,2021
33063,17.0,33,2021
33067,19.0,33,2021
33069,10.0,33,2021
33075,9.0,33,2021
33080,9.0,33,2021
33081,17.0,33,2021
33090,7.0,33,2021
33096,12.0,33,2021
33097,11.0,33,2021
33099,7.0,33,2021
33104,9.0,33,2021
33108,39.0,33,2021
33114,12.0,33,2021
33119,28.0,33,2021
33120,10.0,33,2021
33122,5.0,33,2021
33123,11.0,33,2021
33138,18.0,33,2021
33140,12.0,33,2021
33143,10.0,33,2021
33146,14.0,33,2021
33162,12.0,33,2021
33165,8.0,33,2021
33167,22.0,33,2021
33177,12.0,33,2021
33179,11.0,33,2021
33192,11.0,33,2021
33199,9.0,33,2021
33200,10.0,33,2021
33203,12.0,33,2021
33207,7.0,33,2021
33213,6.0,33,2021
33214,11.0,33,2021
33225,9.0,33,2021
33226,11.0,33,2021
33227,18.0,33,2021
33229,8.0,33,2021
33233,15.0,33,2021
33234,8.0,33,2021
33236,10.0,33,2021
33238,6.0,33,2021
33240,21.0,33,2021
33243,21.0,33,2021
33248,8.0,33,2021
33249,28.0,33,2021
33256,5.0,33,2021
33262,8.0,33,2021
33268,9.0,33,2021
33273,5.0,33,2021
33281,12.0,33,2021
33284,6.0,33,2021
33293,7.0,33,2021
33312,8.0,33,2021
33314,23.0,33,2021
33318,13.0,33,2021
33321,11.0,33,2021
33322,5.0,33,2021
33324,21.0,33,2021
33327,11.0,33,2021
33333,9.0,33,2021
33337,14.0,33,2021
33341,10.0,33,2021
33352,30.0,33,2021
33363,6.0,33,2021
33366,12.0,33,2021
33376,5.0,33,2021
33381,6.0,33,2021
33389,19.0,33,2021
33393,17.0,33,2021
33397,11.0,33,2021
33402,48.0,33,2021
33413,9.0,33,2021
33422,6.0,33,2021
33424,9.0,33,2021
33433,10.0,33,2021
33434,13.0,33,2021
33437,17.0,33,2021
33438,12.0,33,2021
33447,21.0,33,2021
33449,7.0,33,2021
33466,9.0,33,2021
33473,14.0,33,2021
33478,20.0,33,2021
33483,8.0,33,2021
33492,19.0,33,2021
33498,6.0,33,2021
33514,16.0,33,2021
33519,7.0,33,2021
33522,17.0,33,2021
33527,9.0,33,2021
33529,11.0,33,2021
33533,14.0,33,2021
33535,9.0,33,2021
33539,9.0,33,2021
33540,16.0,33,2021
33550,13.0,33,2021
33555,6.0,33,2021
34003,22.0,34,2021
34010,16.0,34,2021
34022,10.0,34,2021
34023,13.0,34,2021
34024,9.0,34,2021
34025,14.0,34,2021
34028,28.0,34,2021
34031,19.0,34,2021
34032,36.0,34,2021
34037,15.0,34,2021
34051,13.0,34,2021
34052,19.0,34,2021
34057,13.0,34,2021
34058,8.0,34,2021
34063,17.0,34,2021
34069,17.0,34,2021
34073,16.0,34,2021
34074,19.0,34,2021
34077,9.0,34,2021
34079,24.0,34,2021
34081,13.0,34,2021
34087,11.0,34,2021
34088,15.0,34,2021
34090,9.0,34,2021
34095,9.0,34,2021
34101,18.0,34,2021
34108,16.0,34,2021
34111,31.0,34,2021
34113,14.0,34,2021
34114,16.0,34,2021
34116,15.0,34,2021
34120,9.0,34,2021
34123,15.0,34,2021
34126,17.0,34,2021
34127,9.0,34,2021
34129,10.0,34,2021
34134,11.0,34,2021
34135,17.0,34,2021
34140,11.0,34,2021
34142,30.0,34,2021
34143,15.0,34,2021
34145,24.0,34,2021
34146,16.0,34,2021
34147,15.0,34,2021
34148,17.0,34,2021
34150,20.0,34,2021
34151,16.0,34,2021
34154,11.0,34,2021
34155,13.0,34,2021
34157,18.0,34,2021
34159,9.0,34,2021
34161,13.0,34,2021
34162,28.0,34,2021
34163,12.0,34,2021
34165,11.0,34,2021
34166,15.0,34,2021
34169,6.0,34,2021
34172,28.0,34,2021
34176,8.0,34,2021
34178,18.0,34,2021
34183,17.0,34,2021
34192,16.0,34,2021
34194,18.0,34,2021
34198,9.0,34,2021
34199,28.0,34,2021
34202,11.0,34,2021
34207,15.0,34,2021
34209,15.0,34,2021
34210,14.0,34,2021
34213,13.0,34,2021
34217,8.0,34,2021
34225,17.0,34,2021
34237,16.0,34,2021
34239,15.0,34,2021
34240,7.0,34,2021
34244,11.0,34,2021
34247,6.0,34,2021
34249,7.0,34,2021
34255,6.0,34,2021
34259,10.0,34,2021
34270,11.0,34,2021
34272,11.0,34,2021
34274,9.0,34,2021
34276,9.0,34,2021
34281,15.0,34,2021
34289,18.0,34,2021
34298,15.0,34,2021
34299,16.0,34,2021
34300,17.0,34,2021
34301,25.0,34,2021
34309,5.0,34,2021
34310,14.0,34,2021
34321,10.0,34,2021
34324,18.0,34,2021
34327,9.0,34,2021
34329,14.0,34,2021
34332,23.0,34,2021
34333,12.0,34,2021
34336,22.0,34,2021
34337,12.0,34,2021
34341,12.0,34,2021
34344,16.0,34,2021
35001,7.0,35,2021
35004,12.0,35,2021
35006,6.0,35,2021
35012,10.0,35,2021
35013,10.0,35,2021
35014,9.0,35,2021
35023,5.0,35,2021
35024,7.0,35,2021
35031,6.0,35,2021
35032,6.0,35,2021
35033,7.0,35,2021
35037,6.0,35,2021
35040,6.0,35,2021
35047,10.0,35,2021
35049,8.0,35,2021
35051,7.0,35,2021
35055,12.0,35,2021
35059,8.0,35,2021
35066,13.0,35,2021
35068,6.0,35,2021
35069,5.0,35,2021
35076,8.0,35,2021
35085,12.0,35,2021
35088,10.0,35,2021
35093,12.0,35,2021
35095,14.0,35,2021
35115,17.0,35,2021
35116,9.0,35,2021
35120,7.0,35,2021
35123,6.0,35,2021
35124,10.0,35,2021
35125,11.0,35,2021
35126,6.0,35,2021
35127,5.0,35,2021
35131,11.0,35,2021
35133,6.0,35,2021
35136,7.0,35,2021
35139,5.0,35,2021
35152,5.0,35,2021
35162,15.0,35,2021
35167,13.0,35,2021
35168,11.0,35,2021
35173,5.0,35,2021
35176,10.0,35,2021
35177,5.0,35,2021
35179,9.0,35,2021
35184,7.0,35,2021
35188,8.0,35,2021
35189,10.0,35,2021
35191,12.0,35,2021
35196,8.0,35,2021
35204,6.0,35,2021
35206,10.0,35,2021
35207,5.0,35,2021
35208,9.0,35,2021
35210,8.0,35,2021
35219,10.0,35,2021
35220,6.0,35,2021
35223,9.0,35,2021
35224,8.0,35,2021
35227,6.0,35,2021
35228,9.0,35,2021
35236,16.0,35,2021
35238,21.0,35,2021
35239,9.0,35,2021
35240,10.0,35,2021
35241,7.0,35,2021
35245,7.0,35,2021
35251,8.0,35,2021
35253,6.0,35,2021
35256,10.0,35,2021
35257,10.0,35,2021
35266,9.0,35,2021
35273,11.0,35,2021
35275,8.0,35,2021
35278,6.0,35,2021
35281,15.0,35,2021
35282,7.0,35,2021
35287,8.0,35,2021
35288,13.0,35,2021
35297,12.0,35,2021
35299,7.0,35,2021
35308,9.0,35,2021
35328,13.0,35,2021
35334,6.0,35,2021
35337,8.0,35,2021
35352,8.0,35,2021
35353,13.0,35,2021
35360,11.0,35,2021
35363,8.0,35,2021
36005,8.0,36,2021
36006,18.0,36,2021
36018,17.0,36,2021
36031,15.0,36,2021
36034,13.0,36,2021
36044,23.0,36,2021
36045,17.0,36,2021
36046,19.0,36,2021
36063,12.0,36,2021
36088,18.0,36,2021
36093,13.0,36,2021
36159,5.0,36,2021
36228,14.0,36,2021
36241,12.0,36,2021
37003,16.0,37,2021
37014,10.0,37,2021
37018,5.0,37,2021
37022,8.0,37,2021
37027,10.0,37,2021
37031,14.0,37,2021
37050,11.0,37,2021
37063,20.0,37,2021
37072,18.0,37,2021
37074,14.0,37,2021
37077,9.0,37,2021
37104,5.0,37,2021
37109,5.0,37,2021
37115,22.0,37,2021
37122,19.0,37,2021
37123,12.0,37,2021
37132,17.0,37,2021
37139,7.0,37,2021
37153,5.0,37,2021
37154,6.0,37,2021
37156,8.0,37,2021
37159,6.0,37,2021
37163,9.0,37,2021
37167,10.0,37,2021
37195,20.0,37,2021
37203,7.0,37,2021
37208,7.0,37,2021
37214,8.0,37,2021
37225,7.0,37,2021
37226,14.0,37,2021
37233,24.0,37,2021
37261,21.0,37,2021
37266,5.0,37,2021
37267,5.0,37,2021
37270,8.0,37,2021
37273,9.0,37,2021
37281,7.0,37,2021
38001,11.0,38,2021
38006,9.0,38,2021
38012,12.0,38,2021
38022,9.0,38,2021
38034,19.0,38,2021
38052,11.0,38,2021
38053,21.0,38,2021
38058,10.0,38,2021
38085,11.0,38,2021
38087,14.0,38,2021
38095,10.0,38,2021
38097,12.0,38,2021
38111,5.0,38,2021
38130,16.0,38,2021
38133,5.0,38,2021
38138,11.0,38,2021
38140,6.0,38,2021
38150,9.0,38,2021
38151,24.0,38,2021
38157,6.0,38,2021
38158,11.0,38,2021
38169,19.0,38,2021
38175,6.0,38,2021
38179,10.0,38,2021
38182,9.0,38,2021
38185,21.0,38,2021
38189,6.0,38,2021
38193,18.0,38,2021
38194,9.0,38,2021
38200,6.0,38,2021
38225,10.0,38,2021
38229,7.0,38,2021
38239,10.0,38,2021
38247,11.0,38,2021
38261,12.0,38,2021
38269,17.0,38,2021
38276,11.0,38,2021
38298,28.0,38,2021
38314,11.0,38,2021
38315,14.0,38,2021
38316,16.0,38,2021
38317,21.0,38,2021
38318,22.0,38,2021
38332,15.0,38,2021
38337,12.0,38,2021
38344,20.0,38,2021
38348,5.0,38,2021
38374,6.0,38,2021
38377,12.0,38,2021
38378,8.0,38,2021
38382,10.0,38,2021
38384,13.0,38,2021
38389,6.0,38,2021
38397,5.0,38,2021
38399,9.0,38,2021
38400,7.0,38,2021
38412,9.0,38,2021
38416,18.0,38,2021
38421,19.0,38,2021
38422,5.0,38,2021
38423,15.0,38,2021
38425,15.0,38,2021
38449,13.0,38,2021
38455,6.0,38,2021
38457,17.0,38,2021
38468,16.0,38,2021
38474,8.0,38,2021
38485,10.0,38,2021
38486,6.0,38,2021
38507,8.0,38,2021
38509,25.0,38,2021
38516,9.0,38,2021
38517,12.0,38,2021
38524,6.0,38,2021
38537,12.0,38,2021
38538,5.0,38,2021
38544,21.0,38,2021
38545,6.0,38,2021
38547,8.0,38,2021
38548,10.0,38,2021
38553,22.0,38,2021
38559,12.0,38,2021
38562,12.0,38,2021
38563,15.0,38,2021
38565,9.0,38,2021
39013,14.0,39,2021
39097,15.0,39,2021
39189,10.0,39,2021
39198,21.0,39,2021
39233,10.0,39,2021
39286,13.0,39,2021
39300,21.0,39,2021
39362,13.0,39,2021
39368,16.0,39,2021
39434,15.0,39,2021
39470,6.0,39,2021
39475,16.0,39,2021
39478,20.0,39,2021
39491,12.0,39,2021
39500,18.0,39,2021
39526,8.0,39,2021
40001,16.0,40,2021
40004,9.0,40,2021
40036,10.0,40,2021
40046,10.0,40,2021
40065,14.0,40,2021
40075,10.0,40,2021
40088,20.0,40,2021
40119,14.0,40,2021
40133,9.0,40,2021
40134,18.0,40,2021
40150,10.0,40,2021
40168,12.0,40,2021
40184,13.0,40,2021
40192,16.0,40,2021
40197,13.0,40,2021
40202,11.0,40,2021
40209,8.0,40,2021
40217,7.0,40,2021
40224,16.0,40,2021
40230,9.0,40,2021
40233,12.0,40,2021
40243,11.0,40,2021
40261,9.0,40,2021
40273,10.0,40,2021
40279,14.0,40,2021
40281,12.0,40,2021
40282,11.0,40,2021
40283,8.0,40,2021
40284,10.0,40,2021
40287,7.0,40,2021
40296,13.0,40,2021
40304,9.0,40,2021
40310,11.0,40,2021
40312,10.0,40,2021
40313,17.0,40,2021
40317,9.0,40,2021
40328,15.0,40,2021
40331,13.0,40,2021
41018,27.0,41,2021
41047,8.0,41,2021
41055,8.0,41,2021
41059,10.0,41,2021
41106,11.0,41,2021
41136,16.0,41,2021
41149,12.0,41,2021
41151,16.0,41,2021
41161,12.0,41,2021
41164,17.0,41,2021
41167,11.0,41,2021
41173,9.0,41,2021
41185,9.0,41,2021
41194,19.0,41,2021
41198,18.0,41,2021
41211,8.0,41,2021
41212,7.0,41,2021
41220,9.0,41,2021
41226,7.0,41,2021
41232,14.0,41,2021
41242,19.0,41,2021
41269,20.0,41,2021
41276,9.0,41,2021
41280,11.0,41,2021
41295,9.0,41,2021
42005,17.0,42,2021
42011,14.0,42,2021
42019,19.0,42,2021
42022,10.0,42,2021
42023,12.0,42,2021
42044,25.0,42,2021
42052,16.0,42,2021
42056,7.0,42,2021
42059,11.0,42,2021
42071,17.0,42,2021
42092,7.0,42,2021
42094,16.0,42,2021
42095,24.0,42,2021
42097,6.0,42,2021
42099,9.0,42,2021
42103,15.0,42,2021
42110,17.0,42,2021
42123,15.0,42,2021
42127,14.0,42,2021
42147,14.0,42,2021
42149,8.0,42,2021
42165,10.0,42,2021
42168,8.0,42,2021
42177,13.0,42,2021
42182,7.0,42,2021
42183,34.0,42,2021
42184,11.0,42,2021
42186,23.0,42,2021
42187,25.0,42,2021
42189,12.0,42,2021
42207,21.0,42,2021
42218,28.0,42,2021
42222,6.0,42,2021
42223,11.0,42,2021
42224,8.0,42,2021
42225,6.0,42,2021
42234,7.0,42,2021
42237,10.0,42,2021
42256,8.0,42,2021
42271,10.0,42,2021
42275,10.0,42,2021
42279,7.0,42,2021
42285,8.0,42,2021
42299,7.0,42,2021
42302,8.0,42,2021
42304,15.0,42,2021
42305,10.0,42,2021
42316,14.0,42,2021
42323,5.0,42,2021
42330,9.0,42,2021
42332,8.0,42,2021
43012,9.0,43,2021
43020,7.0,43,2021
43025,7.0,43,2021
43040,20.0,43,2021
43041,16.0,43,2021
43046,12.0,43,2021
43051,16.0,43,2021
43087,11.0,43,2021
43089,13.0,43,2021
43112,15.0,43,2021
43137,9.0,43,2021
43157,21.0,43,2021
43162,14.0,43,2021
43177,7.0,43,2021
43185,15.0,43,2021
43205,7.0,43,2021
43211,8.0,43,2021
43216,10.0,43,2021
43224,8.0,43,2021
43244,14.0,43,2021
43251,10.0,43,2021
43268,10.0,43,2021
44001,13.0,44,2021
44003,13.0,44,2021
44005,8.0,44,2021
44006,11.0,44,2021
44007,16.0,44,2021
44009,5.0,44,2021
44010,10.0,44,2021
44012,8.0,44,2021
44014,6.0,44,2021
44015,9.0,44,2021
44018,6.0,44,2021
44020,11.0,44,2021
44021,8.0,44,2021
44023,8.0,44,2021
44026,6.0,44,2021
44028,5.0,44,2021
44029,5.0,44,2021
44030,10.0,44,2021
44035,7.0,44,2021
44036,18.0,44,2021
44037,6.0,44,2021
44038,9.0,44,2021
44041,5.0,44,2021
44043,8.0,44,2021
44045,6.0,44,2021
44047,9.0,44,2021
44049,10.0,44,2021
44050,7.0,44,2021
44051,10.0,44,2021
44052,8.0,44,2021
44054,9.0,44,2021
44055,8.0,44,2021
44056,6.0,44,2021
44057,13.0,44,2021
44061,8.0,44,2021
44064,5.0,44,2021
44066,5.0,44,2021
44067,16.0,44,2021
44068,13.0,44,2021
44069,8.0,44,2021
44070,5.0,44,2021
44071,5.0,44,2021
44072,8.0,44,2021
44073,6.0,44,2021
44074,9.0,44,2021
44081,10.0,44,2021
44082,5.0,44,2021
44084,7.0,44,2021
44087,10.0,44,2021
44089,5.0,44,2021
44096,6.0,44,2021
44097,10.0,44,2021
44098,8.0,44,2021
44101,9.0,44,2021
44103,12.0,44,2021
44109,17.0,44,2021
44110,8.0,44,2021
44113,11.0,44,2021
44114,10.0,44,2021
44116,15.0,44,2021
44120,8.0,44,2021
44122,6.0,44,2021
44126,8.0,44,2021
44128,11.0,44,2021
44129,7.0,44,2021
44130,6.0,44,2021
44131,7.0,44,2021
44132,7.0,44,2021
44135,11.0,44,2021
44143,13.0,44,2021
44144,12.0,44,2021
44146,14.0,44,2021
44149,9.0,44,2021
44151,5.0,44,2021
44152,6.0,44,2021
44154,7.0,44,2021
44156,9.0,44,2021
44158,5.0,44,2021
44161,9.0,44,2021
44162,16.0,44,2021
44163,5.0,44,2021
44166,8.0,44,2021
44168,10.0,44,2021
44169,5.0,44,2021
44172,7.0,44,2021
44175,6.0,44,2021
44176,7.0,44,2021
44179,5.0,44,2021
44180,12.0,44,2021
44182,8.0,44,2021
44183,7.0,44,2021
44184,17.0,44,2021
44185,14.0,44,2021
44186,6.0,44,2021
44187,9.0,44,2021
44188,6.0,44,2021
44190,9.0,44,2021
44194,7.0,44,2021
44195,7.0,44,2021
44198,7.0,44,2021
44201,5.0,44,2021
44204,7.0,44,2021
44209,5.0,44,2021
44210,14.0,44,2021
44211,8.0,44,2021
44212,7.0,44,2021
44213,10.0,44,2021
44215,6.0,44,2021
44216,7.0,44,2021
44217,5.0,44,2021
45004,15.0,45,2021
45028,15.0,45,2021
45053,18.0,45,2021
45061,10.0,45,2021
45068,31.0,45,2021
45075,10.0,45,2021
45082,11.0,45,2021
45083,20.0,45,2021
45087,13.0,45,2021
45089,7.0,45,2021
45093,11.0,45,2021
45098,6.0,45,2021
45104,12.0,45,2021
45108,13.0,45,2021
45115,18.0,45,2021
45127,12.0,45,2021
45142,7.0,45,2021
45145,10.0,45,2021
45146,9.0,45,2021
45147,19.0,45,2021
45155,25.0,45,2021
45169,10.0,45,2021
45173,11.0,45,2021
45179,8.0,45,2021
45187,15.0,45,2021
45191,15.0,45,2021
45203,9.0,45,2021
45208,36.0,45,2021
45224,11.0,45,2021
45229,15.0,45,2021
45232,8.0,45,2021
45234,22.0,45,2021
45235,6.0,45,2021
45247,13.0,45,2021
45248,10.0,45,2021
45252,25.0,45,2021
45258,12.0,45,2021
45269,6.0,45,2021
45273,13.0,45,2021
45274,6.0,45,2021
45284,16.0,45,2021
45285,23.0,45,2021
45286,9.0,45,2021
45298,11.0,45,2021
45302,15.0,45,2021
45308,6.0,45,2021
45315,23.0,45,2021
45338,14.0,45,2021
46042,19.0,46,2021
46102,16.0,46,2021
46127,16.0,46,2021
46128,12.0,46,2021
46224,13.0,46,2021
46225,14.0,46,2021
46251,17.0,46,2021
46309,22.0,46,2021
47001,27.0,47,2021
47004,25.0,47,2021
47027,17.0,47,2021
47031,13.0,47,2021
47032,11.0,47,2021
47049,20.0,47,2021
47051,9.0,47,2021
47052,19.0,47,2021
47065,18.0,47,2021
47069,14.0,47,2021
47091,10.0,47,2021
47100,9.0,47,2021
47106,26.0,47,2021
47143,22.0,47,2021
47145,11.0,47,2021
47157,23.0,47,2021
47168,24.0,47,2021
47175,16.0,47,2021
47185,15.0,47,2021
47195,19.0,47,2021
47201,14.0,47,2021
47203,17.0,47,2021
47209,11.0,47,2021
47215,12.0,47,2021
47233,14.0,47,2021
47252,26.0,47,2021
47280,14.0,47,2021
47310,24.0,47,2021
47323,23.0,47,2021
48009,15.0,48,2021
48080,17.0,48,2021
48092,15.0,48,2021
48095,13.0,48,2021
48140,13.0,48,2021
49002,14.0,49,2021
49007,21.0,49,2021
49015,10.0,49,2021
49018,13.0,49,2021
49020,7.0,49,2021
49021,9.0,49,2021
49023,8.0,49,2021
49035,5.0,49,2021
49050,7.0,49,2021
49054,17.0,49,2021
49060,11.0,49,2021
49063,8.0,49,2021
49069,7.0,49,2021
49080,11.0,49,2021
49086,8.0,49,2021
49092,9.0,49,2021
49099,14.0,49,2021
49125,12.0,49,2021
49127,13.0,49,2021
49129,8.0,49,2021
49138,10.0,49,2021
49160,11.0,49,2021
49163,9.0,49,2021
49176,8.0,49,2021
49180,16.0,49,2021
49183,10.0,49,2021
49192,6.0,49,2021
49193,7.0,49,2021
49194,6.0,49,2021
49200,5.0,49,2021
49214,8.0,49,2021
49215,15.0,49,2021
49218,8.0,49,2021
49220,8.0,49,2021
49223,7.0,49,2021
49228,20.0,49,2021
49244,8.0,49,2021
49246,11.0,49,2021
49248,15.0,49,2021
49261,11.0,49,2021
49267,11.0,49,2021
49278,6.0,49,2021
49292,6.0,49,2021
49298,6.0,49,2021
49301,7.0,49,2021
49307,6.0,49,2021
49323,7.0,49,2021
49328,18.0,49,2021
49331,12.0,49,2021
49332,5.0,49,2021
49333,10.0,49,2021
49345,8.0,49,2021
49347,7.0,49,2021
49353,16.0,49,2021
49367,8.0,49,2021
49373,11.0,49,2021
49377,5.0,49,2021
49378,12.0,49,2021
50002,9.0,50,2021
50003,11.0,50,2021
50025,14.0,50,2021
50031,14.0,50,2021
50041,7.0,50,2021
50074,14.0,50,2021
50076,9.0,50,2021
50082,11.0,50,2021
50099,14.0,50,2021
50129,14.0,50,2021
50139,6.0,50,2021
50147,19.0,50,2021
50151,12.0,50,2021
50165,9.0,50,2021
50168,9.0,50,2021
50215,9.0,50,2021
50218,14.0,50,2021
50236,15.0,50,2021
50256,12.0,50,2021
50267,14.0,50,2021
50292,11.0,50,2021
50359,16.0,50,2021
50391,12.0,50,2021
50393,16.0,50,2021
50394,20.0,50,2021
50400,14.0,50,2021
50402,9.0,50,2021
50410,13.0,50,2021
50412,12.0,50,2021
50419,12.0,50,2021
50444,8.0,50,2021
50484,15.0,50,2021
50487,13.0,50,2021
50502,19.0,50,2021
50523,12.0,50,2021
50532,8.0,50,2021
50546,8.0,50,2021
50550,13.0,50,2021
50551,12.0,50,2021
50565,9.0,50,2021
50582,17.0,50,2021
50592,15.0,50,2021
50601,11.0,50,2021
50615,12.0,50,2021
50639,18.0,50,2021
51030,8.0,51,2021
51055,9.0,51,2021
51058,8.0,51,2021
51108,22.0,51,2021
51172,6.0,51,2021
51217,16.0,51,2021
51230,20.0,51,2021
51242,11.0,51,2021
51248,16.0,51,2021
51250,17.0,51,2021
51380,19.0,51,2021
51388,14.0,51,2021
51454,24.0,51,2021
51474,9.0,51,2021
51506,16.0,51,2021
51507,17.0,51,2021
51535,17.0,51,2021
51559,15.0,51,2021
51573,9.0,51,2021
51612,9.0,51,2021
51649,28.0,51,2021
51662,7.0,51,2021
52093,16.0,52,2021
52121,19.0,52,2021
52182,12.0,52,2021
52250,29.0,52,2021
52269,21.0,52,2021
52353,15.0,52,2021
52448,26.0,52,2021
52550,19.0,52,2021
53003,11.0,53,2021
53005,9.0,53,2021
53034,5.0,53,2021
53054,6.0,53,2021
53062,11.0,53,2021
53077,8.0,53,2021
53084,14.0,53,2021
53096,11.0,53,2021
53097,13.0,53,2021
53107,15.0,53,2021
53119,8.0,53,2021
53127,12.0,53,2021
53130,18.0,53,2021
53140,6.0,53,2021
53147,13.0,53,2021
53152,10.0,53,2021
53161,11.0,53,2021
53185,15.0,53,2021
53188,16.0,53,2021
53201,8.0,53,2021
53271,16.0,53,2021
54028,20.0,54,2021
54029,15.0,54,2021
54039,18.0,54,2021
54076,12.0,54,2021
54079,18.0,54,2021
54090,6.0,54,2021
54099,13.0,54,2021
54111,8.0,54,2021
54115,16.0,54,2021
54136,12.0,54,2021
54138,8.0,54,2021
54150,10.0,54,2021
54152,10.0,54,2021
54157,10.0,54,2021
54159,12.0,54,2021
54174,10.0,54,2021
54184,16.0,54,2021
54205,15.0,54,2021
54215,16.0,54,2021
54234,13.0,54,2021
54254,17.0,54,2021
54257,6.0,54,2021
54261,28.0,54,2021
54263,21.0,54,2021
54270,13.0,54,2021
54273,16.0,54,2021
54274,28.0,54,2021
54280,27.0,54,2021
54300,14.0,54,2021
54304,20.0,54,2021
54314,11.0,54,2021
54318,10.0,54,2021
54322,21.0,54,2021
54323,31.0,54,2021
54328,5.0,54,2021
54329,23.0,54,2021
54339,15.0,54,2021
54357,33.0,54,2021
54367,10.0,54,2021
54382,34.0,54,2021
54395,22.0,54,2021
54397,12.0,54,2021
54415,8.0,54,2021
54425,26.0,54,2021
54430,17.0,54,2021
54431,19.0,54,2021
54439,9.0,54,2021
54451,16.0,54,2021
54462,8.0,54,2021
54482,15.0,54,2021
54483,12.0,54,2021
54493,17.0,54,2021
54495,8.0,54,2021
54498,9.0,54,2021
54526,16.0,54,2021
54528,22.0,54,2021
54533,18.0,54,2021
54536,15.0,54,2021
54542,11.0,54,2021
54547,30.0,54,2021
54549,14.0,54,2021
54578,10.0,54,2021
54580,22.0,54,2021
55010,11.0,55,2021
55029,21.0,55,2021
55043,12.0,55,2021
55063,24.0,55,2021
55122,25.0,55,2021
55181,21.0,55,2021
55291,18.0,55,2021
55427,18.0,55,2021
55463,22.0,55,2021
55502,26.0,55,2021
55505,11.0,55,2021
55545,21.0,55,2021
56001,12.0,56,2021
56003,5.0,56,2021
56005,10.0,56,2021
56007,15.0,56,2021
56008,8.0,56,2021
56010,8.0,56,2021
56013,10.0,56,2021
56017,9.0,56,2021
56023,7.0,56,2021
56026,16.0,56,2021
56031,11.0,56,2021
56033,13.0,56,2021
56034,9.0,56,2021
56036,7.0,56,2021
56040,8.0,56,2021
56041,10.0,56,2021
56046,8.0,56,2021
56053,9.0,56,2021
56054,10.0,56,2021
56055,12.0,56,2021
56057,17.0,56,2021
56058,9.0,56,2021
56061,11.0,56,2021
56066,15.0,56,2021
56067,7.0,56,2021
56069,14.0,56,2021
56070,12.0,56,2021
56075,9.0,56,2021
56078,6.0,56,2021
56081,17.0,56,2021
56083,14.0,56,2021
56089,13.0,56,2021
56090,9.0,56,2021
56091,14.0,56,2021
56094,6.0,56,2021
56097,7.0,56,2021
56098,15.0,56,2021
56101,8.0,56,2021
56102,14.0,56,2021
56107,7.0,56,2021
56117,14.0,56,2021
56118,9.0,56,2021
56119,8.0,56,2021
56121,21.0,56,2021
56123,12.0,56,2021
56124,9.0,56,2021
56126,8.0,56,2021
56127,15.0,56,2021
56130,7.0,56,2021
56137,6.0,56,2021
56140,9.0,56,2021
56143,8.0,56,2021
56144,11.0,56,2021
56147,10.0,56,2021
56149,8.0,56,2021
56151,8.0,56,2021
56152,11.0,56,2021
56153,10.0,56,2021
56155,11.0,56,2021
56158,8.0,56,2021
56161,10.0,56,2021
56162,7.0,56,2021
56164,7.0,56,2021
56165,10.0,56,2021
56166,9.0,56,2021
56169,9.0,56,2021
56172,13.0,56,2021
56173,10.0,56,2021
56175,8.0,56,2021
56176,8.0,56,2021
56177,9.0,56,2021
56178,16.0,56,2021
56179,8.0,56,2021
56181,12.0,56,2021
56184,10.0,56,2021
56185,7.0,56,2021
56186,9.0,56,2021
56193,10.0,56,2021
56194,10.0,56,2021
56197,10.0,56,2021
56206,8.0,56,2021
56212,11.0,56,2021
56222,8.0,56,2021
56231,7.0,56,2021
56234,10.0,56,2021
56240,8.0,56,2021
56243,8.0,56,2021
56244,11.0,56,2021
56247,8.0,56,2021
56248,7.0,56,2021
56251,7.0,56,2021
56255,9.0,56,2021
56260,15.0,56,2021
56262,9.0,56,2021
56263,8.0,56,2021
57012,23.0,57,2021
57013,9.0,57,2021
57019,14.0,57,2021
57032,17.0,57,2021
57038,19.0,57,2021
57041,20.0,57,2021
57049,15.0,57,2021
57058,37.0,57,2021
57089,22.0,57,2021
57096,13.0,57,2021
57097,15.0,57,2021
57106,28.0,57,2021
57123,18.0,57,2021
57124,11.0,57,2021
57132,14.0,57,2021
57143,17.0,57,2021
57144,17.0,57,2021
57159,13.0,57,2021
57160,24.0,57,2021
57163,11.0,57,2021
57177,18.0,57,2021
57205,11.0,57,2021
57206,25.0,57,2021
57207,36.0,57,2021
57209,20.0,57,2021
57221,22.0,57,2021
57224,25.0,57,2021
57226,14.0,57,2021
57227,33.0,57,2021
57240,27.0,57,2021
57242,11.0,57,2021
57260,11.0,57,2021
57269,17.0,57,2021
57283,17.0,57,2021
57288,13.0,57,2021
57289,9.0,57,2021
57306,21.0,57,2021
57323,10.0,57,2021
57332,23.0,57,2021
57336,20.0,57,2021
57368,27.0,57,2021
57370,10.0,57,2021
57412,12.0,57,2021
57413,10.0,57,2021
57428,12.0,57,2021
57433,19.0,57,2021
57441,8.0,57,2021
57443,11.0,57,2021
57447,7.0,57,2021
57463,24.0,57,2021
57474,17.0,57,2021
57480,19.0,57,2021
57481,11.0,57,2021
57483,27.0,57,2021
57484,16.0,57,2021
57487,11.0,57,2021
57491,22.0,57,2021
57498,9.0,57,2021
57508,17.0,57,2021
57521,8.0,57,2021
57529,17.0,57,2021
57537,21.0,57,2021
57540,12.0,57,2021
57556,19.0,57,2021
57566,10.0,57,2021
57582,11.0,57,2021
57591,21.0,57,2021
57597,20.0,57,2021
57606,21.0,57,2021
57616,7.0,57,2021
57620,11.0,57,2021
57628,17.0,57,2021
57630,21.0,57,2021
57631,23.0,57,2021
57638,12.0,57,2021
57642,9.0,57,2021
57647,15.0,57,2021
57659,10.0,57,2021
57660,24.0,57,2021
57663,19.0,57,2021
57666,18.0,57,2021
57669,20.0,57,2021
57672,19.0,57,2021
57678,12.0,57,2021
57683,28.0,57,2021
57690,17.0,57,2021
57724,15.0,57,2021
57751,34.0,57,2021
57752,10.0,57,2021
57757,18.0,57,2021
58059,18.0,58,2021
58079,28.0,58,2021
58086,18.0,58,2021
58088,7.0,58,2021
58095,17.0,58,2021
58117,22.0,58,2021
58121,13.0,58,2021
58131,12.0,58,2021
58134,18.0,58,2021
58151,19.0,58,2021
58194,23.0,58,2021
58214,10.0,58,2021
58303,12.0,58,2021
59002,21.0,59,2021
59008,28.0,59,2021
59009,21.0,59,2021
59011,11.0,59,2021
59012,28.0,59,2021
59014,32.0,59,2021
59015,13.0,59,2021
59017,26.0,59,2021
59024,20.0,59,2021
59028,24.0,59,2021
59032,20.0,59,2021
59033,26.0,59,2021
59035,17.0,59,2021
59036,38.0,59,2021
59037,21.0,59,2021
59041,25.0,59,2021
59043,11.0,59,2021
59044,5.0,59,2021
59051,18.0,59,2021
59052,12.0,59,2021
59053,20.0,59,2021
59067,16.0,59,2021
59068,19.0,59,2021
59074,19.0,59,2021
59079,31.0,59,2021
59084,11.0,59,2021
59090,5.0,59,2021
59092,18.0,59,2021
59094,19.0,59,2021
59098,7.0,59,2021
59104,22.0,59,2021
59107,14.0,59,2021
59112,31.0,59,2021
59118,24.0,59,2021
59122,23.0,59,2021
59128,11.0,59,2021
59131,16.0,59,2021
59135,12.0,59,2021
59136,33.0,59,2021
59139,29.0,59,2021
59143,13.0,59,2021
59152,15.0,59,2021
59153,35.0,59,2021
59155,17.0,59,2021
59156,14.0,59,2021
59158,6.0,59,2021
59160,24.0,59,2021
59163,16.0,59,2021
59165,13.0,59,2021
59168,8.0,59,2021
59170,27.0,59,2021
59172,43.0,59,2021
59178,29.0,59,2021
59179,29.0,59,2021
59183,22.0,59,2021
59202,9.0,59,2021
59205,29.0,59,2021
59206,18.0,59,2021
59207,33.0,59,2021
59210,10.0,59,2021
59212,12.0,59,2021
59220,16.0,59,2021
59221,15.0,59,2021
59225,24.0,59,2021
59227,19.0,59,2021
59230,25.0,59,2021
59234,21.0,59,2021
59239,9.0,59,2021
59249,34.0,59,2021
59252,8.0,59,2021
59253,28.0,59,2021
59256,8.0,59,2021
59260,10.0,59,2021
59262,11.0,59,2021
59265,9.0,59,2021
59266,6.0,59,2021
59268,12.0,59,2021
59271,33.0,59,2021
59272,18.0,59,2021
59273,15.0,59,2021
59276,23.0,59,2021
59278,7.0,59,2021
59279,17.0,59,2021
59284,10.0,59,2021
59285,14.0,59,2021
59286,16.0,59,2021
59288,20.0,59,2021
59291,35.0,59,2021
59292,29.0,59,2021
59295,16.0,59,2021
59299,17.0,59,2021
59301,15.0,59,2021
59302,20.0,59,2021
59309,16.0,59,2021
59314,18.0,59,2021
59316,7.0,59,2021
59317,14.0,59,2021
59322,19.0,59,2021
59324,35.0,59,2021
59327,22.0,59,2021
59328,10.0,59,2021
59329,11.0,59,2021
59331,27.0,59,2021
59339,8.0,59,2021
59340,10.0,59,2021
59343,8.0,59,2021
59344,18.0,59,2021
59345,20.0,59,2021
59346,7.0,59,2021
59350,27.0,59,2021
59352,9.0,59,2021
59357,13.0,59,2021
59359,12.0,59,2021
59360,23.0,59,2021
59361,36.0,59,2021
59365,42.0,59,2021
59367,15.0,59,2021
59368,14.0,59,2021
59369,13.0,59,2021
59375,11.0,59,2021
59378,10.0,59,2021
59383,23.0,59,2021
59385,26.0,59,2021
59386,11.0,59,2021
59389,19.0,59,2021
59390,27.0,59,2021
59392,36.0,59,2021
59400,16.0,59,2021
59409,15.0,59,2021
59410,25.0,59,2021
59414,19.0,59,2021
59416,9.0,59,2021
59421,7.0,59,2021
59426,6.0,59,2021
59428,19.0,59,2021
59429,18.0,59,2021
59431,11.0,59,2021
59447,25.0,59,2021
59449,12.0,59,2021
59452,23.0,59,2021
59456,27.0,59,2021
59457,10.0,59,2021
59459,18.0,59,2021
59462,5.0,59,2021
59464,23.0,59,2021
59466,7.0,59,2021
59467,19.0,59,2021
59475,16.0,59,2021
59476,10.0,59,2021
59477,12.0,59,2021
59479,13.0,59,2021
59481,21.0,59,2021
59482,10.0,59,2021
59484,33.0,59,2021
59486,12.0,59,2021
59488,12.0,59,2021
59489,11.0,59,2021
59491,28.0,59,2021
59495,26.0,59,2021
59497,11.0,59,2021
59504,20.0,59,2021
59507,18.0,59,2021
59508,7.0,59,2021
59509,16.0,59,2021
59512,46.0,59,2021
59514,19.0,59,2021
59524,7.0,59,2021
59525,28.0,59,2021
59526,18.0,59,2021
59527,11.0,59,2021
59544,17.0,59,2021
59550,10.0,59,2021
59553,5.0,59,2021
59557,10.0,59,2021
59560,15.0,59,2021
59564,25.0,59,2021
59566,7.0,59,2021
59569,25.0,59,2021
59571,23.0,59,2021
59574,23.0,59,2021
59580,11.0,59,2021
59581,8.0,59,2021
59585,8.0,59,2021
59586,7.0,59,2021
59588,8.0,59,2021
59589,15.0,59,2021
59592,7.0,59,2021
59598,7.0,59,2021
59599,29.0,59,2021
59601,23.0,59,2021
59603,19.0,59,2021
59606,25.0,59,2021
59616,27.0,59,2021
59624,22.0,59,2021
59630,10.0,59,2021
59631,17.0,59,2021
59632,20.0,59,2021
59636,7.0,59,2021
59646,10.0,59,2021
59647,21.0,59,2021
59648,20.0,59,2021
59650,22.0,59,2021
59653,11.0,59,2021
59654,32.0,59,2021
59656,13.0,59,2021
59659,30.0,59,2021
59660,8.0,59,2021
59663,9.0,59,2021
60012,6.0,60,2021
60029,11.0,60,2021
60057,25.0,60,2021
60068,12.0,60,2021
60088,6.0,60,2021
60102,9.0,60,2021
60103,12.0,60,2021
60104,23.0,60,2021
60116,11.0,60,2021
60139,11.0,60,2021
60141,10.0,60,2021
60143,9.0,60,2021
60151,8.0,60,2021
60155,10.0,60,2021
60157,15.0,60,2021
60159,22.0,60,2021
60172,6.0,60,2021
60175,40.0,60,2021
60176,12.0,60,2021
60178,17.0,60,2021
60223,9.0,60,2021
60282,6.0,60,2021
60286,20.0,60,2021
60313,14.0,60,2021
60338,7.0,60,2021
60342,12.0,60,2021
60346,6.0,60,2021
60360,19.0,60,2021
60368,17.0,60,2021
60374,13.0,60,2021
60382,13.0,60,2021
60395,21.0,60,2021
60414,32.0,60,2021
60439,17.0,60,2021
60446,10.0,60,2021
60450,8.0,60,2021
60462,12.0,60,2021
60463,30.0,60,2021
60471,32.0,60,2021
60500,9.0,60,2021
60508,7.0,60,2021
60509,19.0,60,2021
60524,10.0,60,2021
60537,15.0,60,2021
60575,11.0,60,2021
60581,20.0,60,2021
60584,10.0,60,2021
60589,16.0,60,2021
60612,10.0,60,2021
60616,15.0,60,2021
60636,16.0,60,2021
60647,11.0,60,2021
60665,11.0,60,2021
60667,9.0,60,2021
60670,6.0,60,2021
60684,23.0,60,2021
61001,28.0,61,2021
61006,24.0,61,2021
61007,11.0,61,2021
61096,13.0,61,2021
61145,15.0,61,2021
61153,13.0,61,2021
61167,17.0,61,2021
61168,20.0,61,2021
61169,26.0,61,2021
61211,13.0,61,2021
61214,27.0,61,2021
61230,14.0,61,2021
61293,21.0,61,2021
61339,16.0,61,2021
61391,9.0,61,2021
61397,10.0,61,2021
61464,18.0,61,2021
61474,14.0,61,2021
61483,12.0,61,2021
61484,12.0,61,2021
61486,15.0,61,2021
61491,18.0,61,2021
61508,23.0,61,2021
62004,17.0,62,2021
62014,19.0,62,2021
62019,13.0,62,2021
62023,12.0,62,2021
62032,19.0,62,2021
62033,15.0,62,2021
62034,18.0,62,2021
62035,14.0,62,2021
62038,15.0,62,2021
62040,20.0,62,2021
62041,25.0,62,2021
62043,12.0,62,2021
62048,30.0,62,2021
62051,18.0,62,2021
62057,17.0,62,2021
62060,28.0,62,2021
62065,28.0,62,2021
62080,24.0,62,2021
62083,25.0,62,2021
62099,14.0,62,2021
62108,19.0,62,2021
62119,26.0,62,2021
62126,19.0,62,2021
62128,11.0,62,2021
62132,9.0,62,2021
62133,30.0,62,2021
62139,18.0,62,2021
62160,30.0,62,2021
62170,9.0,62,2021
62173,12.0,62,2021
62178,29.0,62,2021
62186,22.0,62,2021
62188,16.0,62,2021
62193,29.0,62,2021
62194,29.0,62,2021
62201,15.0,62,2021
62215,20.0,62,2021
62217,17.0,62,2021
62224,15.0,62,2021
62239,10.0,62,2021
62240,11.0,62,2021
62244,11.0,62,2021
62249,23.0,62,2021
62250,19.0,62,2021
62261,13.0,62,2021
62263,9.0,62,2021
62268,24.0,62,2021
62270,30.0,62,2021
62274,17.0,62,2021
62276,14.0,62,2021
62277,16.0,62,2021
62291,17.0,62,2021
62297,15.0,62,2021
62300,18.0,62,2021
62318,20.0,62,2021
62321,20.0,62,2021
62351,25.0,62,2021
62361,35.0,62,2021
62364,24.0,62,2021
62386,29.0,62,2021
62397,23.0,62,2021
62400,23.0,62,2021
62401,18.0,62,2021
62413,26.0,62,2021
62427,24.0,62,2021
62443,22.0,62,2021
62447,34.0,62,2021
62457,22.0,62,2021
62464,15.0,62,2021
62473,18.0,62,2021
62480,15.0,62,2021
62489,15.0,62,2021
62491,8.0,62,2021
62497,18.0,62,2021
62498,32.0,62,2021
62502,9.0,62,2021
62510,28.0,62,2021
62516,21.0,62,2021
62523,21.0,62,2021
62525,23.0,62,2021
62528,19.0,62,2021
62534,19.0,62,2021
62548,13.0,62,2021
62555,31.0,62,2021
62560,17.0,62,2021
62563,25.0,62,2021
62570,25.0,62,2021
62571,10.0,62,2021
62573,14.0,62,2021
62587,26.0,62,2021
62588,19.0,62,2021
62604,11.0,62,2021
62617,23.0,62,2021
62624,24.0,62,2021
62626,13.0,62,2021
62628,26.0,62,2021
62637,24.0,62,2021
62643,18.0,62,2021
62645,12.0,62,2021
62666,20.0,62,2021
62667,25.0,62,2021
62684,11.0,62,2021
62688,10.0,62,2021
62705,18.0,62,2021
62711,19.0,62,2021
62724,27.0,62,2021
62735,16.0,62,2021
62736,6.0,62,2021
62737,20.0,62,2021
62744,8.0,62,2021
62746,17.0,62,2021
62748,9.0,62,2021
62753,15.0,62,2021
62755,10.0,62,2021
62757,13.0,62,2021
62758,17.0,62,2021
62764,22.0,62,2021
62765,29.0,62,2021
62767,26.0,62,2021
62770,12.0,62,2021
62771,35.0,62,2021
62773,16.0,62,2021
62774,13.0,62,2021
62826,10.0,62,2021
62841,12.0,62,2021
62842,19.0,62,2021
62846,18.0,62,2021
62848,14.0,62,2021
62849,9.0,62,2021
62861,8.0,62,2021
62863,10.0,62,2021
62865,14.0,62,2021
62893,13.0,62,2021
62894,15.0,62,2021
62895,22.0,62,2021
62902,16.0,62,2021
62907,25.0,62,2021
63001,12.0,63,2021
63003,15.0,63,2021
63014,12.0,63,2021
63019,16.0,63,2021
63022,14.0,63,2021
63032,11.0,63,2021
63040,12.0,63,2021
63042,8.0,63,2021
63050,16.0,63,2021
63063,10.0,63,2021
63069,9.0,63,2021
63070,7.0,63,2021
63075,9.0,63,2021
63103,7.0,63,2021
63113,25.0,63,2021
63124,11.0,63,2021
63125,18.0,63,2021
63164,13.0,63,2021
63178,15.0,63,2021
63193,10.0,63,2021
63195,12.0,63,2021
63210,17.0,63,2021
63214,9.0,63,2021
63245,7.0,63,2021
63276,11.0,63,2021
63284,9.0,63,2021
63291,13.0,63,2021
63300,14.0,63,2021
63307,9.0,63,2021
63308,10.0,63,2021
63338,20.0,63,2021
63430,24.0,63,2021
63453,9.0,63,2021
63455,5.0,63,2021
63457,8.0,63,2021
63470,8.0,63,2021
64024,10.0,64,2021
64038,8.0,64,2021
64061,10.0,64,2021
64062,13.0,64,2021
64065,9.0,64,2021
64100,6.0,64,2021
64102,17.0,64,2021
64122,13.0,64,2021
64125,11.0,64,2021
64129,17.0,64,2021
64132,9.0,64,2021
64138,9.0,64,2021
64140,13.0,64,2021
64160,12.0,64,2021
64189,11.0,64,2021
64191,14.0,64,2021
64213,11.0,64,2021
64230,8.0,64,2021
64237,10.0,64,2021
64256,11.0,64,2021
64260,18.0,64,2021
64269,5.0,64,2021
64284,15.0,64,2021
64335,8.0,64,2021
64348,11.0,64,2021
64371,16.0,64,2021
64393,10.0,64,2021
64405,10.0,64,2021
64407,6.0,64,2021
64410,22.0,64,2021
64417,13.0,64,2021
64422,18.0,64,2021
64430,14.0,64,2021
64445,22.0,64,2021
64453,10.0,64,2021
64483,12.0,64,2021
64495,11.0,64,2021
64496,8.0,64,2021
64499,16.0,64,2021
64504,12.0,64,2021
64519,8.0,64,2021
64545,10.0,64,2021
64547,9.0,64,2021
65025,16.0,65,2021
65047,14.0,65,2021
65059,20.0,65,2021
65062,11.0,65,2021
65100,17.0,65,2021
65226,10.0,65,2021
65235,8.0,65,2021
65258,18.0,65,2021
65286,23.0,65,2021
65304,18.0,65,2021
65417,14.0,65,2021
65433,14.0,65,2021
65440,26.0,65,2021
65460,19.0,65,2021
66002,16.0,66,2021
66003,27.0,66,2021
66008,17.0,66,2021
66009,23.0,66,2021
66011,15.0,66,2021
66012,14.0,66,2021
66014,18.0,66,2021
66016,15.0,66,2021
66017,20.0,66,2021
66021,16.0,66,2021
66024,19.0,66,2021
66028,14.0,66,2021
66037,18.0,66,2021
66038,10.0,66,2021
66049,18.0,66,2021
66050,13.0,66,2021
66053,15.0,66,2021
66059,14.0,66,2021
66065,22.0,66,2021
66069,18.0,66,2021
66071,27.0,66,2021
66088,23.0,66,2021
66093,14.0,66,2021
66094,12.0,66,2021
66101,13.0,66,2021
66106,17.0,66,2021
66108,23.0,66,2021
66133,18.0,66,2021
66136,34.0,66,2021
66140,19.0,66,2021
66141,22.0,66,2021
66144,12.0,66,2021
66145,13.0,66,2021
66148,22.0,66,2021
66149,24.0,66,2021
66164,21.0,66,2021
66168,13.0,66,2021
66171,17.0,66,2021
66172,14.0,66,2021
66174,18.0,66,2021
66175,13.0,66,2021
66176,15.0,66,2021
66178,14.0,66,2021
66180,18.0,66,2021
66182,16.0,66,2021
66186,14.0,66,2021
66189,12.0,66,2021
66190,20.0,66,2021
66195,16.0,66,2021
66196,14.0,66,2021
66208,16.0,66,2021
66210,20.0,66,2021
66212,17.0,66,2021
66213,15.0,66,2021
66217,14.0,66,2021
66224,18.0,66,2021
66227,12.0,66,2021
66230,20.0,66,2021
67021,12.0,67,2021
67028,12.0,67,2021
67043,25.0,67,2021
67046,19.0,67,2021
67061,13.0,67,2021
67066,11.0,67,2021
67067,7.0,67,2021
67073,7.0,67,2021
67089,9.0,67,2021
67106,7.0,67,2021
67118,10.0,67,2021
67130,12.0,67,2021
67131,8.0,67,2021
67137,7.0,67,2021
67151,6.0,67,2021
67152,8.0,67,2021
67176,9.0,67,2021
67180,14.0,67,2021
67194,6.0,67,2021
67202,7.0,67,2021
67204,16.0,67,2021
67205,5.0,67,2021
67212,6.0,67,2021
67218,14.0,67,2021
67222,13.0,67,2021
67230,11.0,67,2021
67267,17.0,67,2021
67281,12.0,67,2021
67282,7.0,67,2021
67283,10.0,67,2021
67291,10.0,67,2021
67300,12.0,67,2021
67302,11.0,67,2021
67309,7.0,67,2021
67313,14.0,67,2021
67324,11.0,67,2021
67339,8.0,67,2021
67343,10.0,67,2021
67348,11.0,67,2021
67365,17.0,67,2021
67372,10.0,67,2021
67378,6.0,67,2021
67388,13.0,67,2021
67389,9.0,67,2021
67397,8.0,67,2021
67411,5.0,67,2021
67434,21.0,67,2021
67437,16.0,67,2021
67447,25.0,67,2021
67458,9.0,67,2021
67462,15.0,67,2021
67463,10.0,67,2021
67471,9.0,67,2021
67472,9.0,67,2021
67474,10.0,67,2021
67482,26.0,67,2021
67506,8.0,67,2021
67519,6.0,67,2021
67520,11.0,67,2021
67544,17.0,67,2021
67551,8.0,67,2021
68004,15.0,68,2021
68036,12.0,68,2021
68042,7.0,68,2021
68043,9.0,68,2021
68056,9.0,68,2021
68058,10.0,68,2021
68063,15.0,68,2021
68066,21.0,68,2021
68068,13.0,68,2021
68082,10.0,68,2021
68112,18.0,68,2021
68118,7.0,68,2021
68138,10.0,68,2021
68145,7.0,68,2021
68149,18.0,68,2021
68154,20.0,68,2021
68155,13.0,68,2021
68156,8.0,68,2021
68162,9.0,68,2021
68163,6.0,68,2021
68166,13.0,68,2021
68195,15.0,68,2021
68201,13.0,68,2021
68218,9.0,68,2021
68224,36.0,68,2021
68226,13.0,68,2021
68249,10.0,68,2021
68256,14.0,68,2021
68258,7.0,68,2021
68269,13.0,68,2021
68270,7.0,68,2021
68271,12.0,68,2021
68278,10.0,68,2021
68287,8.0,68,2021
68292,12.0,68,2021
68297,20.0,68,2021
68298,21.0,68,2021
68300,10.0,68,2021
68309,6.0,68,2021
68315,12.0,68,2021
68321,10.0,68,2021
68334,17.0,68,2021
68338,9.0,68,2021
68348,14.0,68,2021
68349,7.0,68,2021
68352,11.0,68,2021
68374,10.0,68,2021
68375,11.0,68,2021
68376,15.0,68,2021
69003,11.0,69,2021
69006,16.0,69,2021
69009,10.0,69,2021
69010,12.0,69,2021
69013,9.0,69,2021
69019,13.0,69,2021
69024,5.0,69,2021
69027,10.0,69,2021
69028,5.0,69,2021
69029,21.0,69,2021
69034,11.0,69,2021
69040,11.0,69,2021
69043,6.0,69,2021
69044,5.0,69,2021
69063,6.0,69,2021
69064,12.0,69,2021
69066,16.0,69,2021
69068,9.0,69,2021
69069,8.0,69,2021
69072,7.0,69,2021
69081,12.0,69,2021
69088,11.0,69,2021
69089,8.0,69,2021
69091,30.0,69,2021
69092,14.0,69,2021
69094,7.0,69,2021
69096,17.0,69,2021
69100,12.0,69,2021
69112,5.0,69,2021
69115,13.0,69,2021
69116,7.0,69,2021
69123,16.0,69,2021
69127,7.0,69,2021
69141,6.0,69,2021
69142,19.0,69,2021
69143,15.0,69,2021
69149,14.0,69,2021
69152,20.0,69,2021
69157,6.0,69,2021
69171,10.0,69,2021
69189,12.0,69,2021
69191,7.0,69,2021
69194,5.0,69,2021
69199,33.0,69,2021
69202,9.0,69,2021
69204,10.0,69,2021
69205,7.0,69,2021
69206,7.0,69,2021
69207,9.0,69,2021
69227,7.0,69,2021
69228,7.0,69,2021
69238,12.0,69,2021
69243,21.0,69,2021
69244,8.0,69,2021
69248,16.0,69,2021
69249,6.0,69,2021
69255,7.0,69,2021
69256,33.0,69,2021
69259,34.0,69,2021
69260,12.0,69,2021
69264,25.0,69,2021
69266,21.0,69,2021
69271,8.0,69,2021
69272,6.0,69,2021
69273,8.0,69,2021
69275,18.0,69,2021
69276,17.0,69,2021
69277,5.0,69,2021
69278,8.0,69,2021
69279,5.0,69,2021
69282,13.0,69,2021
69283,9.0,69,2021
69285,5.0,69,2021
69286,25.0,69,2021
69287,5.0,69,2021
69288,5.0,69,2021
69289,5.0,69,2021
69290,19.0,69,2021
69291,7.0,69,2021
69292,11.0,69,2021
69297,8.0,69,2021
69381,15.0,69,2021
69382,12.0,69,2021
69383,14.0,69,2021
69384,11.0,69,2021
69385,13.0,69,2021
69386,9.0,69,2021
69387,16.0,69,2021
69388,23.0,69,2021
69389,22.0,69,2021
70026,17.0,70,2021
70120,12.0,70,2021
70207,14.0,70,2021
70245,14.0,70,2021
70279,28.0,70,2021
70285,19.0,70,2021
70310,22.0,70,2021
70311,25.0,70,2021
70388,13.0,70,2021
70421,13.0,70,2021
70447,8.0,70,2021
70451,18.0,70,2021
70467,30.0,70,2021
70513,9.0,70,2021
70550,25.0,70,2021
71014,22.0,71,2021
71040,12.0,71,2021
71047,11.0,71,2021
71056,10.0,71,2021
71059,7.0,71,2021
71070,12.0,71,2021
71073,12.0,71,2021
71076,23.0,71,2021
71081,17.0,71,2021
71090,7.0,71,2021
71105,9.0,71,2021
71106,15.0,71,2021
71118,11.0,71,2021
71120,15.0,71,2021
71132,12.0,71,2021
71137,12.0,71,2021
71150,9.0,71,2021
71153,19.0,71,2021
71154,9.0,71,2021
71176,19.0,71,2021
71190,19.0,71,2021
71230,11.0,71,2021
71263,17.0,71,2021
71270,25.0,71,2021
71306,22.0,71,2021
71310,15.0,71,2021
71342,16.0,71,2021
71445,12.0,71,2021
71475,11.0,71,2021
71486,11.0,71,2021
71499,11.0,71,2021
71512,12.0,71,2021
71528,14.0,71,2021
71540,21.0,71,2021
71543,18.0,71,2021
72003,26.0,72,2021
72008,11.0,72,2021
72013,13.0,72,2021
72023,12.0,72,2021
72035,15.0,72,2021
72039,14.0,72,2021
72042,14.0,72,2021
72051,7.0,72,2021
72054,9.0,72,2021
72058,6.0,72,2021
72071,20.0,72,2021
72090,13.0,72,2021
72095,28.0,72,2021
72124,11.0,72,2021
72132,17.0,72,2021
72138,17.0,72,2021
72146,6.0,72,2021
72154,15.0,72,2021
72168,13.0,72,2021
72176,16.0,72,2021
72180,23.0,72,2021
72181,22.0,72,2021
72191,13.0,72,2021
72200,6.0,72,2021
72213,10.0,72,2021
72223,11.0,72,2021
72231,7.0,72,2021
72241,8.0,72,2021
72244,8.0,72,2021
72260,7.0,72,2021
72264,21.0,72,2021
72269,18.0,72,2021
72328,5.0,72,2021
72329,5.0,72,2021
72346,8.0,72,2021
72373,10.0,72,2021
72386,7.0,72,2021
73003,9.0,73,2021
73006,10.0,73,2021
73008,13.0,73,2021
73010,6.0,73,2021
73011,19.0,73,2021
73029,9.0,73,2021
73030,13.0,73,2021
73031,7.0,73,2021
73051,7.0,73,2021
73054,14.0,73,2021
73064,7.0,73,2021
73065,19.0,73,2021
73087,12.0,73,2021
73124,7.0,73,2021
73128,7.0,73,2021
73137,9.0,73,2021
73150,11.0,73,2021
73151,6.0,73,2021
73154,6.0,73,2021
73157,16.0,73,2021
73171,13.0,73,2021
73179,7.0,73,2021
73181,24.0,73,2021
73187,12.0,73,2021
73213,10.0,73,2021
73215,10.0,73,2021
73222,7.0,73,2021
73227,17.0,73,2021
73236,10.0,73,2021
73248,16.0,73,2021
73257,16.0,73,2021
73270,8.0,73,2021
73285,13.0,73,2021
73290,13.0,73,2021
73300,12.0,73,2021
73303,14.0,73,2021
73330,11.0,73,2021
74008,18.0,74,2021
74010,10.0,74,2021
74012,22.0,74,2021
74019,6.0,74,2021
74026,7.0,74,2021
74040,8.0,74,2021
74042,12.0,74,2021
74043,7.0,74,2021
74056,15.0,74,2021
74070,8.0,74,2021
74081,17.0,74,2021
74082,9.0,74,2021
74094,8.0,74,2021
74096,7.0,74,2021
74104,8.0,74,2021
74105,11.0,74,2021
74112,6.0,74,2021
74119,12.0,74,2021
74123,12.0,74,2021
74133,24.0,74,2021
74136,10.0,74,2021
74143,16.0,74,2021
74159,9.0,74,2021
74164,7.0,74,2021
74169,9.0,74,2021
74173,12.0,74,2021
74191,14.0,74,2021
74208,9.0,74,2021
74213,6.0,74,2021
74218,9.0,74,2021
74220,9.0,74,2021
74224,11.0,74,2021
74225,11.0,74,2021
74229,7.0,74,2021
74236,10.0,74,2021
74241,8.0,74,2021
74242,6.0,74,2021
74243,15.0,74,2021
74250,7.0,74,2021
74256,9.0,74,2021
74258,11.0,74,2021
74263,10.0,74,2021
74264,13.0,74,2021
74267,6.0,74,2021
74272,5.0,74,2021
74276,10.0,74,2021
74278,9.0,74,2021
74280,6.0,74,2021
74281,15.0,74,2021
74282,5.0,74,2021
74288,8.0,74,2021
74293,8.0,74,2021
74298,11.0,74,2021
74305,15.0,74,2021
74309,9.0,74,2021
74311,6.0,74,2021
75056,16.0,75,2021
75101,12.0,75,2021
75102,14.0,75,2021
75103,13.0,75,2021
75104,14.0,75,2021
75105,11.0,75,2021
75106,11.0,75,2021
75107,9.0,75,2021
75108,10.0,75,2021
75109,11.0,75,2021
75110,17.0,75,2021
75111,15.0,75,2021
75112,14.0,75,2021
75113,18.0,75,2021
75114,14.0,75,2021
75115,13.0,75,2021
75116,12.0,75,2021
75117,14.0,75,2021
75118,21.0,75,2021
75119,22.0,75,2021
75120,21.0,75,2021
76005,18.0,76,2021
76026,15.0,76,2021
76034,14.0,76,2021
76057,15.0,76,2021
76095,12.0,76,2021
76101,19.0,76,2021
76103,10.0,76,2021
76108,6.0,76,2021
76114,23.0,76,2021
76116,5.0,76,2021
76146,9.0,76,2021
76157,29.0,76,2021
76159,19.0,76,2021
76164,14.0,76,2021
76165,22.0,76,2021
76178,25.0,76,2021
76192,11.0,76,2021
76212,24.0,76,2021
76216,24.0,76,2021
76217,26.0,76,2021
76219,18.0,76,2021
76222,9.0,76,2021
76231,34.0,76,2021
76255,15.0,76,2021
76258,9.0,76,2021
76259,20.0,76,2021
76276,16.0,76,2021
76302,9.0,76,2021
76305,18.0,76,2021
76312,21.0,76,2021
76319,21.0,76,2021
76322,16.0,76,2021
76329,11.0,76,2021
76341,18.0,76,2021
76351,23.0,76,2021
76366,15.0,76,2021
76384,22.0,76,2021
76400,11.0,76,2021
76401,11.0,76,2021
76402,11.0,76,2021
76410,26.0,76,2021
76429,7.0,76,2021
76447,10.0,76,2021
76451,10.0,76,2021
76452,12.0,76,2021
76462,22.0,76,2021
76474,16.0,76,2021
76475,6.0,76,2021
76476,12.0,76,2021
76481,5.0,76,2021
76482,8.0,76,2021
76484,20.0,76,2021
76495,14.0,76,2021
76497,19.0,76,2021
76498,25.0,76,2021
76540,23.0,76,2021
76552,5.0,76,2021
76561,16.0,76,2021
76575,27.0,76,2021
76599,12.0,76,2021
76618,9.0,76,2021
76624,12.0,76,2021
76640,12.0,76,2021
76647,8.0,76,2021
76648,19.0,76,2021
76655,17.0,76,2021
76681,19.0,76,2021
76705,12.0,76,2021
76709,17.0,76,2021
76711,24.0,76,2021
76752,12.0,76,2021
76758,16.0,76,2021
77014,15.0,77,2021
77018,9.0,77,2021
77037,5.0,77,2021
77042,7.0,77,2021
77048,8.0,77,2021
77051,16.0,77,2021
77053,11.0,77,2021
77055,14.0,77,2021
77058,12.0,77,2021
77061,12.0,77,2021
77067,8.0,77,2021
77079,19.0,77,2021
77083,17.0,77,2021
77085,9.0,77,2021
77099,14.0,77,2021
77100,6.0,77,2021
77107,7.0,77,2021
77108,16.0,77,2021
77111,10.0,77,2021
77114,6.0,77,2021
77118,8.0,77,2021
77121,8.0,77,2021
77122,12.0,77,2021
77131,19.0,77,2021
77139,9.0,77,2021
77142,7.0,77,2021
77143,11.0,77,2021
77152,23.0,77,2021
77153,9.0,77,2021
77155,8.0,77,2021
77159,10.0,77,2021
77168,13.0,77,2021
77169,10.0,77,2021
77171,8.0,77,2021
77182,24.0,77,2021
77183,17.0,77,2021
77186,13.0,77,2021
77192,9.0,77,2021
77210,8.0,77,2021
77215,13.0,77,2021
77222,7.0,77,2021
77238,8.0,77,2021
77240,12.0,77,2021
77243,13.0,77,2021
77249,5.0,77,2021
77251,12.0,77,2021
77257,25.0,77,2021
77258,17.0,77,2021
77268,7.0,77,2021
77276,11.0,77,2021
77284,23.0,77,2021
77285,24.0,77,2021
77288,26.0,77,2021
77294,15.0,77,2021
77296,15.0,77,2021
77305,37.0,77,2021
77307,9.0,77,2021
77315,6.0,77,2021
77316,7.0,77,2021
77317,11.0,77,2021
77320,8.0,77,2021
77326,12.0,77,2021
77327,23.0,77,2021
77330,9.0,77,2021
77333,24.0,77,2021
77335,7.0,77,2021
77337,21.0,77,2021
77349,7.0,77,2021
77350,9.0,77,2021
77371,7.0,77,2021
77372,11.0,77,2021
77373,12.0,77,2021
77378,9.0,77,2021
77379,27.0,77,2021
77382,5.0,77,2021
77385,14.0,77,2021
77389,10.0,77,2021
77390,13.0,77,2021
77394,7.0,77,2021
77407,9.0,77,2021
77409,12.0,77,2021
77419,10.0,77,2021
77420,7.0,77,2021
77430,5.0,77,2021
77431,8.0,77,2021
77437,6.0,77,2021
77438,10.0,77,2021
77445,16.0,77,2021
77449,12.0,77,2021
77458,20.0,77,2021
77464,10.0,77,2021
77468,19.0,77,2021
77470,10.0,77,2021
77475,7.0,77,2021
77479,12.0,77,2021
77482,15.0,77,2021
77487,7.0,77,2021
77493,8.0,77,2021
77495,9.0,77,2021
77513,11.0,77,2021
77514,17.0,77,2021
78003,6.0,78,2021
78005,14.0,78,2021
78015,7.0,78,2021
78029,15.0,78,2021
78062,5.0,78,2021
78073,7.0,78,2021
78089,18.0,78,2021
78092,7.0,78,2021
78117,5.0,78,2021
78118,11.0,78,2021
78123,18.0,78,2021
78124,8.0,78,2021
78126,10.0,78,2021
78133,7.0,78,2021
78138,23.0,78,2021
78146,7.0,78,2021
78158,6.0,78,2021
78160,5.0,78,2021
78165,11.0,78,2021
78168,14.0,78,2021
78172,11.0,78,2021
78190,6.0,78,2021
78206,10.0,78,2021
78208,11.0,78,2021
78217,9.0,78,2021
78220,6.0,78,2021
78224,5.0,78,2021
78239,10.0,78,2021
78242,11.0,78,2021
78255,14.0,78,2021
78267,10.0,78,2021
78297,14.0,78,2021
78299,9.0,78,2021
78310,9.0,78,2021
78311,9.0,78,2021
78314,8.0,78,2021
78321,5.0,78,2021
78322,6.0,78,2021
78327,8.0,78,2021
78335,21.0,78,2021
78350,7.0,78,2021
78354,7.0,78,2021
78356,8.0,78,2021
78358,6.0,78,2021
78361,32.0,78,2021
78362,22.0,78,2021
78372,7.0,78,2021
78380,6.0,78,2021
78382,6.0,78,2021
78383,9.0,78,2021
78396,5.0,78,2021
78397,5.0,78,2021
78401,18.0,78,2021
78402,8.0,78,2021
78418,6.0,78,2021
78423,7.0,78,2021
78440,27.0,78,2021
78455,5.0,78,2021
78466,5.0,78,2021
78481,9.0,78,2021
78486,6.0,78,2021
78490,12.0,78,2021
78498,16.0,78,2021
78501,10.0,78,2021
78502,14.0,78,2021
78517,8.0,78,2021
78531,16.0,78,2021
78537,5.0,78,2021
78545,12.0,78,2021
78551,9.0,78,2021
78575,5.0,78,2021
78586,13.0,78,2021
78621,27.0,78,2021
78624,7.0,78,2021
78638,8.0,78,2021
78640,8.0,78,2021
78642,9.0,78,2021
78643,13.0,78,2021
78644,23.0,78,2021
78646,7.0,78,2021
78650,5.0,78,2021
78672,5.0,78,2021
78674,5.0,78,2021
78686,5.0,78,2021
78688,5.0,78,2021
79003,8.0,79,2021
79005,15.0,79,2021
79013,17.0,79,2021
79014,17.0,79,2021
79048,5.0,79,2021
79049,16.0,79,2021
79061,9.0,79,2021
79062,17.0,79,2021
79063,16.0,79,2021
79079,9.0,79,2021
79080,9.0,79,2021
79081,5.0,79,2021
79083,21.0,79,2021
79101,11.0,79,2021
79103,12.0,79,2021
79109,6.0,79,2021
79123,11.0,79,2021
79130,8.0,79,2021
79170,11.0,79,2021
79174,15.0,79,2021
79179,12.0,79,2021
79185,5.0,79,2021
79191,16.0,79,2021
79195,15.0,79,2021
79196,13.0,79,2021
79202,19.0,79,2021
79270,21.0,79,2021
79299,11.0,79,2021
79329,18.0,79,2021
80001,24.0,80,2021
80010,10.0,80,2021
80011,10.0,80,2021
80013,22.0,80,2021
80016,22.0,80,2021
80021,26.0,80,2021
80131,7.0,80,2021
80164,12.0,80,2021
80182,18.0,80,2021
80186,20.0,80,2021
80212,15.0,80,2021
80253,26.0,80,2021
80308,14.0,80,2021
80318,19.0,80,2021
80368,17.0,80,2021
80373,23.0,80,2021
80410,32.0,80,2021
80489,14.0,80,2021
80533,22.0,80,2021
80561,22.0,80,2021
80570,16.0,80,2021
80585,21.0,80,2021
80620,25.0,80,2021
80630,16.0,80,2021
80632,10.0,80,2021
80674,12.0,80,2021
80680,19.0,80,2021
80685,26.0,80,2021
80688,16.0,80,2021
80721,13.0,80,2021
80724,8.0,80,2021
80793,9.0,80,2021
80799,7.0,80,2021
81002,12.0,81,2021
81004,20.0,81,2021
81018,10.0,81,2021
81021,26.0,81,2021
81033,20.0,81,2021
81038,8.0,81,2021
81042,12.0,81,2021
81048,13.0,81,2021
81060,23.0,81,2021
81065,21.0,81,2021
81070,10.0,81,2021
81099,19.0,81,2021
81105,24.0,81,2021
81120,13.0,81,2021
81124,13.0,81,2021
81140,14.0,81,2021
81144,11.0,81,2021
81145,13.0,81,2021
81156,10.0,81,2021
81163,24.0,81,2021
81182,21.0,81,2021
81209,11.0,81,2021
81218,6.0,81,2021
81219,15.0,81,2021
81220,13.0,81,2021
81222,16.0,81,2021
81227,12.0,81,2021
81244,23.0,81,2021
81257,17.0,81,2021
81271,8.0,81,2021
81273,8.0,81,2021
81288,15.0,81,2021
81289,13.0,81,2021
82002,15.0,82,2021
82013,19.0,82,2021
82025,9.0,82,2021
82033,21.0,82,2021
82037,22.0,82,2021
82075,12.0,82,2021
82079,18.0,82,2021
82087,15.0,82,2021
82096,13.0,82,2021
82112,26.0,82,2021
82121,19.0,82,2021
82124,11.0,82,2021
82125,12.0,82,2021
82134,16.0,82,2021
82161,11.0,82,2021
82169,13.0,82,2021
82179,18.0,82,2021
82186,21.0,82,2021
82190,12.0,82,2021
83001,9.0,83,2021
83004,18.0,83,2021
83007,23.0,83,2021
83008,13.0,83,2021
83009,12.0,83,2021
83012,20.0,83,2021
83016,11.0,83,2021
83017,10.0,83,2021
83018,14.0,83,2021
83019,12.0,83,2021
83021,16.0,83,2021
83023,23.0,83,2021
83027,9.0,83,2021
83029,14.0,83,2021
83031,14.0,83,2021
83032,18.0,83,2021
83033,15.0,83,2021
83034,10.0,83,2021
83035,13.0,83,2021
83036,14.0,83,2021
83042,17.0,83,2021
83046,19.0,83,2021
83047,9.0,83,2021
83048,16.0,83,2021
83049,13.0,83,2021
83050,20.0,83,2021
83053,9.0,83,2021
83054,10.0,83,2021
83055,16.0,83,2021
83056,12.0,83,2021
83057,13.0,83,2021
83058,14.0,83,2021
83059,10.0,83,2021
83061,18.0,83,2021
83062,14.0,83,2021
83064,9.0,83,2021
83065,14.0,83,2021
83067,18.0,83,2021
83068,16.0,83,2021
83069,16.0,83,2021
83070,18.0,83,2021
83071,12.0,83,2021
83072,18.0,83,2021
83073,21.0,83,2021
83077,11.0,83,2021
83081,14.0,83,2021
83085,13.0,83,2021
83086,22.0,83,2021
83087,8.0,83,2021
83088,10.0,83,2021
83090,12.0,83,2021
83091,9.0,83,2021
83092,16.0,83,2021
83094,17.0,83,2021
83097,8.0,83,2021
83098,10.0,83,2021
83099,13.0,83,2021
83100,11.0,83,2021
83102,17.0,83,2021
83103,7.0,83,2021
83104,12.0,83,2021
83106,8.0,83,2021
83107,11.0,83,2021
83108,13.0,83,2021
83111,11.0,83,2021
83112,10.0,83,2021
83113,17.0,83,2021
83115,15.0,83,2021
83116,11.0,83,2021
83118,13.0,83,2021
83119,15.0,83,2021
83120,9.0,83,2021
83121,20.0,83,2021
83123,11.0,83,2021
83124,21.0,83,2021
83125,10.0,83,2021
83126,19.0,83,2021
83127,12.0,83,2021
83129,11.0,83,2021
83130,14.0,83,2021
83131,9.0,83,2021
83136,14.0,83,2021
83137,22.0,83,2021
83138,15.0,83,2021
83140,16.0,83,2021
83141,11.0,83,2021
83143,14.0,83,2021
83144,12.0,83,2021
83148,18.0,83,2021
83150,11.0,83,2021
83153,13.0,83,2021
84001,11.0,84,2021
84003,27.0,84,2021
84004,14.0,84,2021
84007,33.0,84,2021
84012,18.0,84,2021
84016,12.0,84,2021
84017,16.0,84,2021
84019,25.0,84,2021
84026,14.0,84,2021
84027,10.0,84,2021
84029,11.0,84,2021
84030,15.0,84,2021
84031,28.0,84,2021
84034,13.0,84,2021
84035,27.0,84,2021
84038,8.0,84,2021
84039,14.0,84,2021
84043,14.0,84,2021
84047,12.0,84,2021
84054,16.0,84,2021
84056,14.0,84,2021
84064,18.0,84,2021
84065,12.0,84,2021
84067,11.0,84,2021
84069,18.0,84,2021
84072,12.0,84,2021
84074,11.0,84,2021
84078,17.0,84,2021
84080,18.0,84,2021
84081,12.0,84,2021
84083,14.0,84,2021
84087,23.0,84,2021
84088,12.0,84,2021
84089,15.0,84,2021
84091,11.0,84,2021
84092,24.0,84,2021
84099,11.0,84,2021
84106,15.0,84,2021
84118,13.0,84,2021
84119,10.0,84,2021
84122,16.0,84,2021
84127,8.0,84,2021
84129,21.0,84,2021
84132,12.0,84,2021
84133,13.0,84,2021
84137,20.0,84,2021
84138,26.0,84,2021
84141,14.0,84,2021
84142,11.0,84,2021
84147,9.0,84,2021
85001,10.0,85,2021
85003,6.0,85,2021
85004,9.0,85,2021
85008,6.0,85,2021
85012,11.0,85,2021
85016,8.0,85,2021
85018,11.0,85,2021
85019,6.0,85,2021
85020,7.0,85,2021
85024,9.0,85,2021
85029,11.0,85,2021
85031,9.0,85,2021
85034,9.0,85,2021
85035,7.0,85,2021
85039,6.0,85,2021
85046,7.0,85,2021
85047,10.0,85,2021
85050,11.0,85,2021
85051,12.0,85,2021
85059,17.0,85,2021
85065,7.0,85,2021
85070,10.0,85,2021
85071,9.0,85,2021
85076,6.0,85,2021
85081,6.0,85,2021
85084,7.0,85,2021
85088,5.0,85,2021
85089,7.0,85,2021
85090,8.0,85,2021
85092,16.0,85,2021
85096,8.0,85,2021
85109,8.0,85,2021
85113,9.0,85,2021
85114,7.0,85,2021
85127,9.0,85,2021
85128,14.0,85,2021
85129,8.0,85,2021
85135,11.0,85,2021
85146,6.0,85,2021
85151,7.0,85,2021
85152,8.0,85,2021
85153,9.0,85,2021
85155,5.0,85,2021
85156,11.0,85,2021
85159,9.0,85,2021
85163,12.0,85,2021
85164,11.0,85,2021
85172,11.0,85,2021
85178,6.0,85,2021
85182,9.0,85,2021
85190,7.0,85,2021
85191,15.0,85,2021
85194,9.0,85,2021
85204,10.0,85,2021
85210,12.0,85,2021
85213,8.0,85,2021
85215,7.0,85,2021
85221,9.0,85,2021
85222,9.0,85,2021
85223,13.0,85,2021
85226,9.0,85,2021
85234,12.0,85,2021
85243,9.0,85,2021
85255,10.0,85,2021
85262,7.0,85,2021
85280,10.0,85,2021
85284,7.0,85,2021
85288,7.0,85,2021
85294,11.0,85,2021
85300,6.0,85,2021
85302,5.0,85,2021
86019,10.0,86,2021
86032,11.0,86,2021
86041,14.0,86,2021
86062,11.0,86,2021
86066,24.0,86,2021
86070,13.0,86,2021
86078,20.0,86,2021
86082,13.0,86,2021
86092,10.0,86,2021
86095,9.0,86,2021
86100,7.0,86,2021
86115,9.0,86,2021
86123,13.0,86,2021
86128,15.0,86,2021
86133,7.0,86,2021
86137,18.0,86,2021
86139,13.0,86,2021
86140,15.0,86,2021
86157,7.0,86,2021
86158,9.0,86,2021
86160,19.0,86,2021
86163,6.0,86,2021
86165,15.0,86,2021
86174,11.0,86,2021
86177,9.0,86,2021
86194,26.0,86,2021
86213,13.0,86,2021
86214,11.0,86,2021
86222,6.0,86,2021
86233,9.0,86,2021
86272,8.0,86,2021
86281,8.0,86,2021
86293,10.0,86,2021
86294,9.0,86,2021
86297,7.0,86,2021
86298,11.0,86,2021
87001,10.0,87,2021
87002,10.0,87,2021
87011,21.0,87,2021
87014,11.0,87,2021
87048,9.0,87,2021
87050,11.0,87,2021
87065,9.0,87,2021
87075,11.0,87,2021
87085,24.0,87,2021
87106,11.0,87,2021
87110,10.0,87,2021
87113,13.0,87,2021
87114,10.0,87,2021
87125,6.0,87,2021
87126,14.0,87,2021
87154,15.0,87,2021
87161,15.0,87,2021
87178,10.0,87,2021
87187,14.0,87,2021
87201,5.0,87,2021
88009,12.0,88,2021
88075,10.0,88,2021
88078,23.0,88,2021
88087,11.0,88,2021
88090,22.0,88,2021
88114,19.0,88,2021
88116,15.0,88,2021
88158,15.0,88,2021
88160,25.0,88,2021
88165,12.0,88,2021
88181,18.0,88,2021
88196,14.0,88,2021
88209,19.0,88,2021
88218,15.0,88,2021
88304,23.0,88,2021
88319,15.0,88,2021
88321,21.0,88,2021
88367,29.0,88,2021
88372,23.0,88,2021
88383,21.0,88,2021
88408,15.0,88,2021
88409,10.0,88,2021
88413,27.0,88,2021
88415,14.0,88,2021
88429,9.0,88,2021
88445,12.0,88,2021
88447,15.0,88,2021
88451,25.0,88,2021
88465,15.0,88,2021
88468,23.0,88,2021
88486,11.0,88,2021
88487,15.0,88,2021
88513,15.0,88,2021
88516,11.0,88,2021
88530,17.0,88,2021
89003,10.0,89,2021
89013,12.0,89,2021
89024,22.0,89,2021
89025,22.0,89,2021
89055,22.0,89,2021
89068,10.0,89,2021
89074,13.0,89,2021
89086,15.0,89,2021
89099,18.0,89,2021
89206,30.0,89,2021
89257,27.0,89,2021
89263,10.0,89,2021
89287,19.0,89,2021
89309,16.0,89,2021
89338,10.0,89,2021
89345,28.0,89,2021
89348,15.0,89,2021
89387,28.0,89,2021
89418,29.0,89,2021
89419,16.0,89,2021
89460,12.0,89,2021
89464,18.0,89,2021
90008,17.0,90,2021
90009,15.0,90,2021
90010,29.0,90,2021
90022,8.0,90,2021
90032,16.0,90,2021
90033,21.0,90,2021
90039,11.0,90,2021
90052,17.0,90,2021
90053,14.0,90,2021
90075,16.0,90,2021
90099,18.0,90,2021
91016,14.0,91,2021
91021,20.0,91,2021
91027,18.0,91,2021
91044,7.0,91,2021
91045,8.0,91,2021
91064,5.0,91,2021
91085,6.0,91,2021
91086,7.0,91,2021
91097,13.0,91,2021
91103,14.0,91,2021
91105,9.0,91,2021
91114,11.0,91,2021
91115,8.0,91,2021
91122,7.0,91,2021
91129,6.0,91,2021
91136,14.0,91,2021
91161,17.0,91,2021
91174,27.0,91,2021
91179,8.0,91,2021
91191,10.0,91,2021
91200,14.0,91,2021
91201,12.0,91,2021
91207,14.0,91,2021
91215,24.0,91,2021
91216,8.0,91,2021
91223,20.0,91,2021
91225,7.0,91,2021
91226,6.0,91,2021
91228,25.0,91,2021
91232,8.0,91,2021
91235,22.0,91,2021
91249,5.0,91,2021
91272,5.0,91,2021
91275,8.0,91,2021
91286,44.0,91,2021
91312,7.0,91,2021
91315,5.0,91,2021
91326,18.0,91,2021
91330,5.0,91,2021
91333,8.0,91,2021
91338,5.0,91,2021
91339,10.0,91,2021
91340,7.0,91,2021
91345,16.0,91,2021
91347,12.0,91,2021
91359,9.0,91,2021
91363,7.0,91,2021
91376,5.0,91,2021
91377,16.0,91,2021
91386,9.0,91,2021
91390,7.0,91,2021
91405,6.0,91,2021
91421,16.0,91,2021
91425,12.0,91,2021
91432,10.0,91,2021
91434,14.0,91,2021
91457,7.0,91,2021
91458,5.0,91,2021
91461,9.0,91,2021
91471,6.0,91,2021
91477,11.0,91,2021
91479,12.0,91,2021
91494,8.0,91,2021
91511,12.0,91,2021
91514,14.0,91,2021
91521,24.0,91,2021
91534,6.0,91,2021
91540,7.0,91,2021
91549,16.0,91,2021
91552,12.0,91,2021
91553,7.0,91,2021
91570,16.0,91,2021
91573,8.0,91,2021
91577,8.0,91,2021
91587,9.0,91,2021
91589,14.0,91,2021
91600,9.0,91,2021
91617,6.0,91,2021
91645,7.0,91,2021
91649,7.0,91,2021
91657,20.0,91,2021
91659,10.0,91,2021
91661,7.0,91,2021
91665,10.0,91,2021
91667,7.0,91,2021
91685,6.0,91,2021
91687,19.0,91,2021
91689,6.0,91,2021
91691,8.0,91,2021
91692,22.0,91,2021
92002,9.0,92,2021
92004,15.0,92,2021
92007,20.0,92,2021
92009,10.0,92,2021
92012,9.0,92,2021
92014,8.0,92,2021
92019,12.0,92,2021
92020,9.0,92,2021
92022,8.0,92,2021
92023,11.0,92,2021
92024,22.0,92,2021
92025,17.0,92,2021
92026,11.0,92,2021
92032,12.0,92,2021
92033,7.0,92,2021
92035,8.0,92,2021
92036,28.0,92,2021
92040,8.0,92,2021
92044,9.0,92,2021
92046,14.0,92,2021
92048,11.0,92,2021
92049,10.0,92,2021
92050,22.0,92,2021
92051,8.0,92,2021
92060,6.0,92,2021
92062,10.0,92,2021
92063,8.0,92,2021
92064,7.0,92,2021
92071,8.0,92,2021
92072,9.0,92,2021
92073,10.0,92,2021
92075,9.0,92,2021
92076,6.0,92,2021
92077,6.0,92,2021
92078,26.0,92,2021
93001,42.0,93,2021
93005,29.0,93,2021
93006,28.0,93,2021
93007,32.0,93,2021
93008,36.0,93,2021
93010,34.0,93,2021
93013,34.0,93,2021
93014,42.0,93,2021
93015,8.0,93,2021
93027,42.0,93,2021
93029,29.0,93,2021
93030,33.0,93,2021
93031,31.0,93,2021
93032,18.0,93,2021
93033,8.0,93,2021
93039,32.0,93,2021
93045,16.0,93,2021
93046,20.0,93,2021
93047,24.0,93,2021
93048,25.0,93,2021
93049,14.0,93,2021
93050,21.0,93,2021
93051,17.0,93,2021
93053,30.0,93,2021
93055,27.0,93,2021
93057,21.0,93,2021
93059,38.0,93,2021
93061,23.0,93,2021
93062,13.0,93,2021
93063,24.0,93,2021
93064,22.0,93,2021
93066,36.0,93,2021
93070,26.0,93,2021
93071,33.0,93,2021
93072,37.0,93,2021
93073,19.0,93,2021
93074,15.0,93,2021
93077,19.0,93,2021
93078,25.0,93,2021
93079,35.0,93,2021
94001,15.0,94,2021
94002,21.0,94,2021
94003,19.0,94,2021
94004,19.0,94,2021
94011,24.0,94,2021
94015,9.0,94,2021
94016,16.0,94,2021
94017,22.0,94,2021
94018,10.0,94,2021
94019,16.0,94,2021
94021,20.0,94,2021
94022,23.0,94,2021
94028,21.0,94,2021
94033,15.0,94,2021
94034,15.0,94,2021
94037,20.0,94,2021
94038,16.0,94,2021
94041,28.0,94,2021
94042,11.0,94,2021
94043,18.0,94,2021
94044,17.0,94,2021
94046,10.0,94,2021
94047,7.0,94,2021
94052,9.0,94,2021
94053,6.0,94,2021
94054,24.0,94,2021
94055,6.0,94,2021
94058,8.0,94,2021
94059,11.0,94,2021
94060,11.0,94,2021
94065,7.0,94,2021
94067,8.0,94,2021
94068,8.0,94,2021
94069,11.0,94,2021
94070,6.0,94,2021
94071,10.0,94,2021
94073,16.0,94,2021
94074,31.0,94,2021
94075,8.0,94,2021
94076,22.0,94,2021
94077,17.0,94,2021
94078,34.0,94,2021
94079,17.0,94,2021
94080,8.0,94,2021
94081,26.0,94,2021
95014,10.0,95,2021
95018,27.0,95,2021
95019,22.0,95,2021
95039,8.0,95,2021
95051,9.0,95,2021
95052,17.0,95,2021
95058,10.0,95,2021
95060,10.0,95,2021
95063,21.0,95,2021
95091,8.0,95,2021
95116,11.0,95,2021
95127,23.0,95,2021
95134,8.0,95,2021
95176,9.0,95,2021
95183,8.0,95,2021
95197,14.0,95,2021
95199,10.0,95,2021
95203,12.0,95,2021
95205,10.0,95,2021
95210,11.0,95,2021
95218,14.0,95,2021
95219,16.0,95,2021
95229,11.0,95,2021
95250,13.0,95,2021
95252,14.0,95,2021
95256,6.0,95,2021
95257,8.0,95,2021
95268,39.0,95,2021
95277,26.0,95,2021
95280,29.0,95,2021
95288,12.0,95,2021
95306,11.0,95,2021
95313,9.0,95,2021
95323,11.0,95,2021
95351,15.0,95,2021
95352,8.0,95,2021
95355,12.0,95,2021
95370,8.0,95,2021
95371,7.0,95,2021
95388,8.0,95,2021
95392,7.0,95,2021
95394,11.0,95,2021
95424,18.0,95,2021
95427,21.0,95,2021
95428,11.0,95,2021
95430,6.0,95,2021
95476,13.0,95,2021
95480,6.0,95,2021
95487,23.0,95,2021
95488,16.0,95,2021
95491,7.0,95,2021
95500,19.0,95,2021
95509,9.0,95,2021
95527,11.0,95,2021
95539,13.0,95,2021
95555,16.0,95,2021
95563,9.0,95,2021
95566,9.0,95,2021
95572,20.0,95,2021
95574,7.0,95,2021
95582,16.0,95,2021
95585,35.0,95,2021
95598,13.0,95,2021
95604,13.0,95,2021
95607,12.0,95,2021
95612,17.0,95,2021
95637,11.0,95,2021
95641,10.0,95,2021
95652,6.0,95,2021
95680,37.0,95,2021
97202,35.0,97,2021
97203,35.0,97,2021
97204,23.0,97,2021
97205,16.0,97,2021
97206,22.0,97,2021
97207,20.0,97,2021
97209,28.0,97,2021
97210,27.0,97,2021
97212,30.0,97,2021
97213,22.0,97,2021
97214,38.0,97,2021
97216,33.0,97,2021
97217,31.0,97,2021
97218,31.0,97,2021
97220,29.0,97,2021
97221,28.0,97,2021
97222,27.0,97,2021
97223,27.0,97,2021
97224,24.0,97,2021
97225,39.0,97,2021
97226,32.0,97,2021
97227,23.0,97,2021
97228,37.0,97,2021
97229,17.0,97,2021
97230,27.0,97,2021
97231,21.0,97,2021
97232,32.0,97,2021
97401,28.0,97,2021
97402,37.0,97,2021
97403,33.0,97,2021
97404,27.0,97,2021
97405,36.0,97,2021
97406,38.0,97,2021
97407,43.0,97,2021
97408,24.0,97,2021
97409,44.0,97,2021
97410,46.0,97,2021
97411,33.0,97,2021
97412,43.0,97,2021
97413,34.0,97,2021
97414,43.0,97,2021
97415,30.0,97,2021
97416,34.0,97,2021
97417,43.0,97,2021
97418,30.0,97,2021
97419,49.0,97,2021
97420,34.0,97,2021
97421,54.0,97,2021
97422,38.0,97,2021
97423,37.0,97,2021
97424,51.0,97,2021
